{"mean_reward": 83.55123944, "learning_rate": 0.0001, "n_steps": 3072, "batch_size": 192, "n_epochs": 50, "_timestamp": 1720619558.7082798, "_runtime": 8.535059928894043, "_step": 0, "_wandb": {"runtime": 8}}