{"mean_reward": 214.82884854000002, "learning_rate": 0.01, "n_steps": 1024, "batch_size": 128, "n_epochs": 20, "_timestamp": 1720635216.0347476, "_runtime": 6.229995489120483, "_step": 0, "_wandb": {"runtime": 5}}