{"mean_reward": 91.55911713999998, "learning_rate": 0.001, "n_steps": 3072, "batch_size": 64, "n_epochs": 10, "_timestamp": 1720687805.2414718, "_runtime": 7.980315685272217, "_step": 0, "_wandb": {"runtime": 7}}