{"mean_reward": 252.51889296000002, "learning_rate": 0.01, "n_steps": 3072, "batch_size": 96, "n_epochs": 10, "_timestamp": 1720622506.4712486, "_runtime": 6.092038631439209, "_step": 0, "_wandb": {"runtime": 5}}