{"mean_reward": 1.69673914, "learning_rate": 0.1, "n_steps": 3072, "batch_size": 32, "n_epochs": 20, "_timestamp": 1720633445.718173, "_runtime": 6.587623119354248, "_step": 0, "_wandb": {"runtime": 6}}