{"mean_reward": 3.58050544, "learning_rate": 0.1, "n_steps": 3072, "batch_size": 192, "n_epochs": 50, "_timestamp": 1720628648.2279897, "_runtime": 9.24015760421753, "_step": 0, "_wandb": {"runtime": 8}}