{"mean_reward": 81.84770624, "learning_rate": 0.001, "n_steps": 2048, "batch_size": 48, "n_epochs": 10, "_timestamp": 1720699074.917079, "_runtime": 4.838295936584473, "_step": 0, "_wandb": {"runtime": 4}}