{"mean_reward": 92.22399858, "learning_rate": 0.0001, "n_steps": 3072, "batch_size": 48, "n_epochs": 20, "_timestamp": 1720703381.641658, "_runtime": 6.466089963912964, "_step": 0, "_wandb": {"runtime": 6}}