{"mean_reward": 75.32966144, "learning_rate": 0.0001, "n_steps": 3072, "batch_size": 96, "n_epochs": 20, "_timestamp": 1720622811.0211518, "_runtime": 5.4635398387908936, "_step": 0, "_wandb": {"runtime": 5}}