{"mean_reward": 100.3982286, "learning_rate": 0.001, "n_steps": 2048, "batch_size": 64, "n_epochs": 50, "_timestamp": 1720634342.5066507, "_runtime": 6.325941801071167, "_step": 0, "_wandb": {"runtime": 5}}