{"mean_reward": 54.58792783999999, "learning_rate": 0.01, "n_steps": 3072, "batch_size": 16, "n_epochs": 50, "_timestamp": 1720697846.524169, "_runtime": 20.52749490737915, "_step": 0, "_wandb": {"runtime": 20}}