{"mean_reward": 72.2211668, "learning_rate": 0.0001, "n_steps": 1024, "batch_size": 96, "n_epochs": 20, "_timestamp": 1720622778.1948102, "_runtime": 4.480690240859985, "_step": 0, "_wandb": {"runtime": 4}}