{"mean_reward": 72.94165387999999, "learning_rate": 0.001, "n_steps": 1024, "batch_size": 224, "n_epochs": 10, "_timestamp": 1720636937.1823153, "_runtime": 3.9137072563171387, "_step": 0, "_wandb": {"runtime": 3}}