{"mean_reward": 76.99844196000001, "learning_rate": 0.0001, "n_steps": 1024, "batch_size": 32, "n_epochs": 50, "_timestamp": 1720626017.3947783, "_runtime": 14.85467529296875, "_step": 0, "_wandb": {"runtime": 14}}