{"mean_reward": 81.94597382, "learning_rate": 0.001, "n_steps": 2048, "batch_size": 32, "n_epochs": 20, "_timestamp": 1720702664.4020627, "_runtime": 5.766511678695679, "_step": 0, "_wandb": {"runtime": 5}}