{"mean_reward": 110.11074292, "learning_rate": 0.01, "n_steps": 1024, "batch_size": 96, "n_epochs": 20, "_timestamp": 1720612321.198052, "_runtime": 6.637447834014893, "_step": 0, "_wandb": {"runtime": 6}}