{"mean_reward": 9.1615543, "learning_rate": 0.1, "n_steps": 2048, "batch_size": 64, "n_epochs": 10, "_timestamp": 1720616578.601679, "_runtime": 4.778591156005859, "_step": 0, "_wandb": {"runtime": 4}}