{"mean_reward": 76.84954844, "learning_rate": 0.0001, "n_steps": 2048, "batch_size": 128, "n_epochs": 50, "_timestamp": 1720623386.0316732, "_runtime": 6.810660123825073, "_step": 0, "_wandb": {"runtime": 6}}