{"mean_reward": 73.88104656, "learning_rate": 0.001, "n_steps": 1024, "batch_size": 96, "n_epochs": 10, "_timestamp": 1720626973.426332, "_runtime": 3.9186999797821045, "_step": 0, "_wandb": {"runtime": 3}}