{"mean_reward": 63.14117636, "learning_rate": 0.01, "n_steps": 2048, "batch_size": 128, "n_epochs": 20, "_timestamp": 1720627492.3859046, "_runtime": 7.330782651901245, "_step": 0, "_wandb": {"runtime": 7}}