{"mean_reward": 260.17377872, "std_reward": 1.8493351115843433, "width_factor": 0.6, "_timestamp": 1720702532.6979103, "_runtime": 34.0219292640686, "_step": 2, "_wandb": {"runtime": 33}}