{"mean_reward": 98.17612802, "learning_rate": 0.001, "n_steps": 3072, "batch_size": 64, "n_epochs": 20, "_timestamp": 1720611880.088638, "_runtime": 10.420567035675049, "_step": 0, "_wandb": {"runtime": 10}}