{"mean_reward": 5.83772364, "learning_rate": 0.1, "n_steps": 1024, "batch_size": 64, "n_epochs": 50, "_timestamp": 1720626194.146783, "_runtime": 5.904867172241211, "_step": 0, "_wandb": {"runtime": 5}}