{"mean_reward": 178.00813933999999, "learning_rate": 0.001, "n_steps": 3072, "batch_size": 64, "n_epochs": 50, "_timestamp": 1720634361.6583033, "_runtime": 8.848167181015015, "_step": 0, "_wandb": {"runtime": 8}}