{"mean_reward": 80.38778088000001, "learning_rate": 0.0001, "n_steps": 2048, "batch_size": 32, "n_epochs": 50, "_timestamp": 1720698763.3973784, "_runtime": 8.342381477355957, "_step": 0, "_wandb": {"runtime": 8}}