{"mean_reward": 10.93903628, "learning_rate": 0.1, "n_steps": 1024, "batch_size": 32, "n_epochs": 50, "_timestamp": 1720610976.7662847, "_runtime": 8.44044280052185, "_step": 0, "_wandb": {"runtime": 8}}