{"mean_reward": 83.78064311999998, "learning_rate": 0.0001, "n_steps": 2048, "batch_size": 224, "n_epochs": 20, "_timestamp": 1720615125.5341554, "_runtime": 6.924848318099976, "_step": 0, "_wandb": {"runtime": 6}}