{"mean_reward": 40.5151921, "learning_rate": 0.1, "n_steps": 3072, "batch_size": 160, "n_epochs": 50, "_timestamp": 1720618482.9531925, "_runtime": 9.423575401306152, "_step": 0, "_wandb": {"runtime": 9}}