{"mean_reward": 3.0881660600000003, "learning_rate": 0.1, "n_steps": 3072, "batch_size": 192, "n_epochs": 20, "_timestamp": 1720619091.7593155, "_runtime": 7.709845542907715, "_step": 0, "_wandb": {"runtime": 7}}