{"mean_reward": 82.36028868, "learning_rate": 0.0001, "n_steps": 1024, "batch_size": 160, "n_epochs": 10, "_timestamp": 1720613876.1876593, "_runtime": 6.18077826499939, "_step": 0, "_wandb": {"runtime": 5}}