{"mean_reward": 76.84954844, "learning_rate": 0.0001, "n_steps": 2048, "batch_size": 128, "n_epochs": 50, "_timestamp": 1720627858.9366674, "_runtime": 7.5128865242004395, "_step": 0, "_wandb": {"runtime": 7}}