{"mean_reward": 80.5505153, "learning_rate": 0.001, "n_steps": 1024, "batch_size": 32, "n_epochs": 20, "_timestamp": 1720621426.991283, "_runtime": 8.882901906967163, "_step": 0, "_wandb": {"runtime": 8}}