{"mean_reward": 4.09446104, "learning_rate": 0.1, "n_steps": 2048, "batch_size": 16, "n_epochs": 10, "_timestamp": 1720701610.1318927, "_runtime": 5.231329679489136, "_step": 0, "_wandb": {"runtime": 4}}