{"mean_reward": 4.7043448, "learning_rate": 0.01, "n_steps": 3072, "batch_size": 16, "n_epochs": 20, "_timestamp": 1720701862.1886969, "_runtime": 8.956071853637695, "_step": 0, "_wandb": {"runtime": 8}}