{"mean_reward": 108.40742447999999, "learning_rate": 0.01, "n_steps": 3072, "batch_size": 160, "n_epochs": 10, "_timestamp": 1720628075.3088236, "_runtime": 9.293102502822876, "_step": 0, "_wandb": {"runtime": 8}}