{"mean_reward": 223.81479870000004, "learning_rate": 0.01, "n_steps": 1024, "batch_size": 64, "n_epochs": 50, "_timestamp": 1720626351.9066088, "_runtime": 11.606271743774414, "_step": 0, "_wandb": {"runtime": 11}}