{"mean_reward": 5.840658100000001, "learning_rate": 0.1, "n_steps": 2048, "batch_size": 32, "n_epochs": 20, "_timestamp": 1720620489.346373, "_runtime": 5.741918087005615, "_step": 0, "_wandb": {"runtime": 5}}