{"mean_reward": 81.42770864, "learning_rate": 0.0001, "n_steps": 1024, "batch_size": 96, "n_epochs": 10, "_timestamp": 1720634908.312748, "_runtime": 4.286012887954712, "_step": 0, "_wandb": {"runtime": 3}}