{"mean_reward": 2.84884266, "learning_rate": 0.1, "n_steps": 3072, "batch_size": 224, "n_epochs": 10, "_timestamp": 1720636704.912031, "_runtime": 4.094940900802612, "_step": 0, "_wandb": {"runtime": 3}}