{"mean_reward": 3.0872562399999994, "learning_rate": 0.1, "n_steps": 3072, "batch_size": 64, "n_epochs": 10, "_timestamp": 1720611518.8311207, "_runtime": 5.860857725143433, "_step": 0, "_wandb": {"runtime": 5}}