{"mean_reward": 5.3013974, "learning_rate": 0.1, "n_steps": 3072, "batch_size": 224, "n_epochs": 50, "_timestamp": 1720629243.9450753, "_runtime": 8.420997381210327, "_step": 0, "_wandb": {"runtime": 8}}