{"mean_reward": 5.0042213, "learning_rate": 0.1, "n_steps": 1024, "batch_size": 160, "n_epochs": 20, "_timestamp": 1720635644.0005298, "_runtime": 3.5851247310638428, "_step": 0, "_wandb": {"runtime": 3}}