{"mean_reward": 95.57558288, "learning_rate": 0.01, "n_steps": 3072, "batch_size": 64, "n_epochs": 20, "_timestamp": 1720621985.6944818, "_runtime": 6.459107875823975, "_step": 0, "_wandb": {"runtime": 5}}