{"mean_reward": 79.07630502, "learning_rate": 0.0001, "n_steps": 2048, "batch_size": 128, "n_epochs": 50, "_timestamp": 1720689437.4450712, "_runtime": 7.576268196105957, "_step": 0, "_wandb": {"runtime": 7}}