{"mean_reward": 76.89876828, "learning_rate": 0.001, "n_steps": 2048, "batch_size": 128, "n_epochs": 20, "_timestamp": 1720618150.9516613, "_runtime": 5.032384395599365, "_step": 0, "_wandb": {"runtime": 4}}