{"mean_reward": 92.12602434, "learning_rate": 0.0001, "n_steps": 2048, "batch_size": 96, "n_epochs": 10, "_timestamp": 1720617603.504377, "_runtime": 6.564648866653442, "_step": 0, "_wandb": {"runtime": 6}}