{"mean_reward": 3.8600234600000003, "learning_rate": 0.1, "n_steps": 1024, "batch_size": 96, "n_epochs": 50, "_timestamp": 1720617244.2474432, "_runtime": 5.079395294189453, "_step": 0, "_wandb": {"runtime": 4}}