{"mean_reward": 71.92526126, "learning_rate": 0.0001, "n_steps": 1024, "batch_size": 48, "n_epochs": 10, "_timestamp": 1720699194.3571382, "_runtime": 4.679952144622803, "_step": 0, "_wandb": {"runtime": 4}}