{"mean_reward": 76.76364528, "learning_rate": 0.0001, "n_steps": 2048, "batch_size": 192, "n_epochs": 50, "_timestamp": 1720636647.701914, "_runtime": 4.575623035430908, "_step": 0, "_wandb": {"runtime": 4}}