{"mean_reward": 5.836563460000001, "learning_rate": 0.1, "n_steps": 2048, "batch_size": 16, "n_epochs": 50, "_timestamp": 1720697649.4627209, "_runtime": 11.684003829956055, "_step": 0, "_wandb": {"runtime": 11}}