{"mean_reward": 28.018859, "learning_rate": 0.1, "n_steps": 3072, "batch_size": 32, "n_epochs": 20, "_timestamp": 1720620502.673955, "_runtime": 7.690285921096802, "_step": 0, "_wandb": {"runtime": 7}}