{"mean_reward": 76.46941652000001, "learning_rate": 0.001, "n_steps": 2048, "batch_size": 96, "n_epochs": 10, "_timestamp": 1720617470.650157, "_runtime": 6.635210990905762, "_step": 0, "_wandb": {"runtime": 6}}