{"mean_reward": 82.83122086000002, "learning_rate": 0.0001, "n_steps": 3072, "batch_size": 96, "n_epochs": 10, "_timestamp": 1720688687.9653897, "_runtime": 8.510595798492432, "_step": 0, "_wandb": {"runtime": 8}}