{"mean_reward": 77.90441642, "learning_rate": 0.001, "n_steps": 2048, "batch_size": 160, "n_epochs": 10, "_timestamp": 1720613740.8199706, "_runtime": 6.197048664093018, "_step": 0, "_wandb": {"runtime": 5}}