{"mean_reward": 57.75799966, "learning_rate": 0.01, "n_steps": 1024, "batch_size": 192, "n_epochs": 10, "_timestamp": 1720614173.6907463, "_runtime": 5.5908284187316895, "_step": 0, "_wandb": {"runtime": 5}}