{"mean_reward": 82.10457188000001, "learning_rate": 0.0001, "n_steps": 3072, "batch_size": 128, "n_epochs": 10, "_timestamp": 1720635488.6693869, "_runtime": 5.424651861190796, "_step": 0, "_wandb": {"runtime": 4}}