{"mean_reward": 82.17568279999999, "learning_rate": 0.001, "n_steps": 3072, "batch_size": 128, "n_epochs": 10, "_timestamp": 1720613161.0424163, "_runtime": 8.474062442779541, "_step": 0, "_wandb": {"runtime": 8}}