{"mean_reward": 76.78102999999999, "learning_rate": 0.0001, "n_steps": 2048, "batch_size": 192, "n_epochs": 20, "_timestamp": 1720624445.1161602, "_runtime": 4.157462120056152, "_step": 0, "_wandb": {"runtime": 3}}