{"mean_reward": 90.15978084, "learning_rate": 0.01, "n_steps": 1024, "batch_size": 192, "n_epochs": 50, "_timestamp": 1720636360.5131707, "_runtime": 4.755275726318359, "_step": 0, "_wandb": {"runtime": 4}}