{"mean_reward": 85.66753804, "learning_rate": 0.0001, "n_steps": 3072, "batch_size": 96, "n_epochs": 20, "_timestamp": 1720612717.2704105, "_runtime": 9.502343654632568, "_step": 0, "_wandb": {"runtime": 9}}