{"mean_reward": 76.74826583999999, "learning_rate": 0.001, "n_steps": 2048, "batch_size": 128, "n_epochs": 10, "_timestamp": 1720618095.9480019, "_runtime": 6.741699934005737, "_step": 0, "_wandb": {"runtime": 6}}