{"mean_reward": 251.45613092000002, "learning_rate": 0.001, "n_steps": 3072, "batch_size": 32, "n_epochs": 20, "_timestamp": 1720702683.617321, "_runtime": 8.560791015625, "_step": 0, "_wandb": {"runtime": 8}}