{"mean_reward": 130.02525154000003, "learning_rate": 0.001, "n_steps": 2048, "batch_size": 128, "n_epochs": 20, "_timestamp": 1720627660.1530018, "_runtime": 7.505880832672119, "_step": 0, "_wandb": {"runtime": 7}}