{"mean_reward": 3.80739978, "learning_rate": 0.1, "n_steps": 3072, "batch_size": 160, "n_epochs": 20, "_timestamp": 1720623501.43129, "_runtime": 6.5148398876190186, "_step": 0, "_wandb": {"runtime": 6}}