{"mean_reward": 81.70276912, "learning_rate": 0.001, "n_steps": 2048, "batch_size": 32, "n_epochs": 20, "_timestamp": 1720633738.2747912, "_runtime": 5.588107347488403, "_step": 0, "_wandb": {"runtime": 5}}