{"mean_reward": 76.84631272, "learning_rate": 0.0001, "n_steps": 3072, "batch_size": 64, "n_epochs": 50, "_timestamp": 1720622323.8447556, "_runtime": 7.929927587509155, "_step": 0, "_wandb": {"runtime": 7}}