{"mean_reward": 7.925106100000001, "learning_rate": 0.1, "n_steps": 1024, "batch_size": 48, "n_epochs": 50, "_timestamp": 1720698878.290517, "_runtime": 6.362200975418091, "_step": 0, "_wandb": {"runtime": 5}}