{"mean_reward": 76.09618666, "learning_rate": 0.01, "n_steps": 1024, "batch_size": 128, "n_epochs": 10, "_timestamp": 1720622968.087319, "_runtime": 4.080913782119751, "_step": 0, "_wandb": {"runtime": 3}}