{"mean_reward": 78.12071528, "learning_rate": 0.01, "n_steps": 1024, "batch_size": 160, "n_epochs": 10, "_timestamp": 1720613573.8618734, "_runtime": 6.500454425811768, "_step": 0, "_wandb": {"runtime": 6}}