{"mean_reward": 242.26649342000005, "learning_rate": 0.01, "n_steps": 2048, "batch_size": 128, "n_epochs": 10, "_timestamp": 1720635182.9992292, "_runtime": 5.175201177597046, "_step": 0, "_wandb": {"runtime": 4}}