{"mean_reward": 81.99582754, "learning_rate": 0.0001, "n_steps": 1024, "batch_size": 224, "n_epochs": 20, "_timestamp": 1720620010.6433246, "_runtime": 4.702391624450684, "_step": 0, "_wandb": {"runtime": 4}}