{"mean_reward": 86.69394834, "learning_rate": 0.0001, "n_steps": 3072, "batch_size": 192, "n_epochs": 10, "_timestamp": 1720619458.1038249, "_runtime": 7.12411093711853, "_step": 0, "_wandb": {"runtime": 6}}