{"mean_reward": 89.29142736, "learning_rate": 0.01, "n_steps": 1024, "batch_size": 128, "n_epochs": 10, "_timestamp": 1720688973.6611538, "_runtime": 7.380213737487793, "_step": 0, "_wandb": {"runtime": 7}}