{"mean_reward": 142.99280076000002, "learning_rate": 0.001, "n_steps": 3072, "batch_size": 32, "n_epochs": 20, "_timestamp": 1720698584.6124117, "_runtime": 8.063625812530518, "_step": 0, "_wandb": {"runtime": 7}}