{"mean_reward": 155.02832016, "learning_rate": 0.001, "n_steps": 3072, "batch_size": 224, "n_epochs": 20, "_timestamp": 1720614996.0158038, "_runtime": 8.366996765136719, "_step": 0, "_wandb": {"runtime": 8}}