{"mean_reward": 79.57658336, "std_reward": 2.471995559925719, "width_factor": 0.6, "_timestamp": 1720700873.4471378, "_runtime": 12.446367740631104, "_step": 2, "_wandb": {"runtime": 12}}