{"mean_reward": 74.33928499999999, "learning_rate": 0.0001, "n_steps": 1024, "batch_size": 96, "n_epochs": 20, "_timestamp": 1720688701.975701, "_runtime": 8.023662090301514, "_step": 0, "_wandb": {"runtime": 7}}