{"mean_reward": 123.60997978000002, "learning_rate": 0.001, "n_steps": 3072, "batch_size": 160, "n_epochs": 20, "_timestamp": 1720613811.5976465, "_runtime": 8.864809513092041, "_step": 0, "_wandb": {"runtime": 8}}