{"mean_reward": 151.97272584, "learning_rate": 0.001, "n_steps": 3072, "batch_size": 64, "n_epochs": 50, "_timestamp": 1720626535.7420924, "_runtime": 10.079622268676758, "_step": 0, "_wandb": {"runtime": 9}}