{"mean_reward": 4.7509412, "learning_rate": 0.1, "n_steps": 2048, "batch_size": 192, "n_epochs": 50, "_timestamp": 1720619120.4338067, "_runtime": 5.405742645263672, "_step": 0, "_wandb": {"runtime": 5}}