{"mean_reward": 27.541948379999994, "learning_rate": 0.1, "n_steps": 3072, "batch_size": 32, "n_epochs": 50, "_timestamp": 1720621166.1132903, "_runtime": 17.38111639022827, "_step": 0, "_wandb": {"runtime": 17}}