{"mean_reward": 1.7038677000000002, "learning_rate": 0.1, "n_steps": 3072, "batch_size": 128, "n_epochs": 50, "_timestamp": 1720635147.4998064, "_runtime": 5.697000503540039, "_step": 0, "_wandb": {"runtime": 5}}