{"mean_reward": 99.67799678, "learning_rate": 0.01, "n_steps": 1024, "batch_size": 128, "n_epochs": 20, "_timestamp": 1720617963.994129, "_runtime": 6.209697008132935, "_step": 0, "_wandb": {"runtime": 5}}