{"mean_reward": 87.74248036, "learning_rate": 0.0001, "n_steps": 3072, "batch_size": 32, "n_epochs": 10, "_timestamp": 1720616454.7738755, "_runtime": 7.430670499801636, "_step": 0, "_wandb": {"runtime": 7}}