{"mean_reward": 151.12597739999998, "learning_rate": 0.01, "n_steps": 3072, "batch_size": 48, "n_epochs": 50, "_timestamp": 1720699043.4322214, "_runtime": 9.376774311065674, "_step": 0, "_wandb": {"runtime": 9}}