{"mean_reward": 175.54813931999996, "learning_rate": 0.001, "n_steps": 3072, "batch_size": 32, "n_epochs": 50, "_timestamp": 1720625885.8165421, "_runtime": 19.84692621231079, "_step": 0, "_wandb": {"runtime": 19}}