{"mean_reward": 77.34506066, "learning_rate": 0.0001, "n_steps": 2048, "batch_size": 96, "n_epochs": 20, "_timestamp": 1720622789.5592816, "_runtime": 4.509460687637329, "_step": 0, "_wandb": {"runtime": 4}}