{"mean_reward": 72.85666343999999, "learning_rate": 0.0001, "n_steps": 1024, "batch_size": 192, "n_epochs": 20, "_timestamp": 1720624433.641484, "_runtime": 4.006261110305786, "_step": 0, "_wandb": {"runtime": 3}}