{"mean_reward": 75.3389773, "learning_rate": 0.001, "n_steps": 3072, "batch_size": 224, "n_epochs": 10, "_timestamp": 1720624792.5237603, "_runtime": 4.686005353927612, "_step": 0, "_wandb": {"runtime": 4}}