{"mean_reward": 9.273183659999999, "learning_rate": 0.1, "n_steps": 2048, "batch_size": 160, "n_epochs": 10, "_timestamp": 1720623431.946883, "_runtime": 5.4772629737854, "_step": 0, "_wandb": {"runtime": 5}}