{"mean_reward": 3.6049860799999993, "learning_rate": 0.1, "n_steps": 2048, "batch_size": 96, "n_epochs": 20, "_timestamp": 1720688176.8224947, "_runtime": 6.320405721664429, "_step": 0, "_wandb": {"runtime": 6}}