{"mean_reward": 190.76105568, "learning_rate": 0.1, "n_steps": 3072, "batch_size": 192, "n_epochs": 20, "_timestamp": 1720614113.3445265, "_runtime": 8.068515539169312, "_step": 0, "_wandb": {"runtime": 7}}