{"mean_reward": 107.07471704000001, "learning_rate": 0.01, "n_steps": 3072, "batch_size": 96, "n_epochs": 50, "_timestamp": 1720626953.8238735, "_runtime": 9.015930414199829, "_step": 0, "_wandb": {"runtime": 8}}