{"mean_reward": 116.75889925999999, "learning_rate": 0.001, "n_steps": 2048, "batch_size": 96, "n_epochs": 10, "_timestamp": 1720688478.1614873, "_runtime": 7.305811405181885, "_step": 0, "_wandb": {"runtime": 7}}