{"mean_reward": 93.51532198, "learning_rate": 0.0001, "n_steps": 2048, "batch_size": 96, "n_epochs": 50, "_timestamp": 1720688772.281804, "_runtime": 10.22241997718811, "_step": 0, "_wandb": {"runtime": 9}}