{"mean_reward": 84.43511236, "learning_rate": 0.0001, "n_steps": 2048, "batch_size": 32, "n_epochs": 20, "_timestamp": 1720616484.9383414, "_runtime": 6.624517440795898, "_step": 0, "_wandb": {"runtime": 6}}