{"mean_reward": 88.68548042000002, "learning_rate": 0.001, "n_steps": 2048, "batch_size": 32, "n_epochs": 10, "_timestamp": 1720687072.102774, "_runtime": 7.491738796234131, "_step": 0, "_wandb": {"runtime": 7}}