{"mean_reward": 102.61271828000001, "learning_rate": 0.001, "n_steps": 2048, "batch_size": 192, "n_epochs": 50, "_timestamp": 1720614432.3465626, "_runtime": 7.37386155128479, "_step": 0, "_wandb": {"runtime": 7}}