{"mean_reward": 65.12867552, "learning_rate": 0.0001, "n_steps": 1024, "batch_size": 64, "n_epochs": 50, "_timestamp": 1720612068.3237412, "_runtime": 9.247652292251587, "_step": 0, "_wandb": {"runtime": 8}}