{"mean_reward": 91.92699022000001, "learning_rate": 0.0001, "n_steps": 2048, "batch_size": 32, "n_epochs": 50, "_timestamp": 1720611454.208901, "_runtime": 8.825955867767334, "_step": 0, "_wandb": {"runtime": 8}}