{"mean_reward": 68.7939839, "learning_rate": 0.01, "n_steps": 1024, "batch_size": 48, "n_epochs": 50, "_timestamp": 1720699009.9522521, "_runtime": 6.755275249481201, "_step": 0, "_wandb": {"runtime": 6}}