{"mean_reward": 81.28691443999999, "learning_rate": 0.0001, "n_steps": 2048, "batch_size": 192, "n_epochs": 20, "_timestamp": 1720614525.220382, "_runtime": 5.994121074676514, "_step": 0, "_wandb": {"runtime": 5}}