{"mean_reward": 72.3305846, "learning_rate": 0.0001, "n_steps": 1024, "batch_size": 64, "n_epochs": 20, "_timestamp": 1720622241.486011, "_runtime": 4.659127950668335, "_step": 0, "_wandb": {"runtime": 4}}