{"mean_reward": 4.662117960000001, "learning_rate": 0.1, "n_steps": 1024, "batch_size": 128, "n_epochs": 10, "_timestamp": 1720688805.4089584, "_runtime": 5.7732343673706055, "_step": 0, "_wandb": {"runtime": 5}}