{"mean_reward": 99.97228800000002, "learning_rate": 0.001, "n_steps": 3072, "batch_size": 48, "n_epochs": 10, "_timestamp": 1720703196.0810678, "_runtime": 5.491235733032227, "_step": 0, "_wandb": {"runtime": 5}}