{"mean_reward": 76.72183419999999, "learning_rate": 0.0001, "n_steps": 2048, "batch_size": 64, "n_epochs": 10, "_timestamp": 1720626571.9314008, "_runtime": 5.308204889297485, "_step": 0, "_wandb": {"runtime": 5}}