{"mean_reward": 79.9119232, "learning_rate": 0.0001, "n_steps": 2048, "batch_size": 128, "n_epochs": 10, "_timestamp": 1720627752.213935, "_runtime": 4.674966812133789, "_step": 0, "_wandb": {"runtime": 4}}