{"mean_reward": 87.13439112, "learning_rate": 0.01, "n_steps": 1024, "batch_size": 32, "n_epochs": 10, "_timestamp": 1720633510.8088562, "_runtime": 4.686341285705566, "_step": 0, "_wandb": {"runtime": 4}}