{"mean_reward": 87.78916672, "learning_rate": 0.01, "n_steps": 1024, "batch_size": 192, "n_epochs": 20, "_timestamp": 1720636310.5978465, "_runtime": 5.1309685707092285, "_step": 0, "_wandb": {"runtime": 5}}