{"mean_reward": 3.5925697000000003, "learning_rate": 0.1, "n_steps": 2048, "batch_size": 96, "n_epochs": 50, "_timestamp": 1720688228.7079864, "_runtime": 9.936634302139282, "_step": 0, "_wandb": {"runtime": 9}}