{"mean_reward": 224.15608616, "learning_rate": 0.001, "n_steps": 2048, "batch_size": 96, "n_epochs": 50, "_timestamp": 1720627079.7380185, "_runtime": 6.594640493392944, "_step": 0, "_wandb": {"runtime": 6}}