{"mean_reward": 91.12918024000003, "learning_rate": 0.0001, "n_steps": 1024, "batch_size": 224, "n_epochs": 10, "_timestamp": 1720619968.2020895, "_runtime": 4.667378664016724, "_step": 0, "_wandb": {"runtime": 4}}