{"mean_reward": 293.68378920000004, "learning_rate": 0.001, "n_steps": 2048, "batch_size": 32, "n_epochs": 50, "_timestamp": 1720611306.1693754, "_runtime": 13.861265420913696, "_step": 0, "_wandb": {"runtime": 13}}