{"mean_reward": 72.63029058, "learning_rate": 0.001, "n_steps": 1024, "batch_size": 224, "n_epochs": 20, "_timestamp": 1720624812.2290277, "_runtime": 3.9721996784210205, "_step": 0, "_wandb": {"runtime": 3}}