{"mean_reward": 84.73009801999999, "learning_rate": 0.01, "n_steps": 2048, "batch_size": 224, "n_epochs": 10, "_timestamp": 1720636805.4392555, "_runtime": 3.9296743869781494, "_step": 0, "_wandb": {"runtime": 3}}