{"mean_reward": 5.293654320000001, "learning_rate": 0.1, "n_steps": 3072, "batch_size": 96, "n_epochs": 10, "_timestamp": 1720617191.7206674, "_runtime": 5.351182460784912, "_step": 0, "_wandb": {"runtime": 5}}