{"mean_reward": 73.63022663999999, "learning_rate": 0.0001, "n_steps": 1024, "batch_size": 128, "n_epochs": 20, "_timestamp": 1720623316.541302, "_runtime": 5.625514030456543, "_step": 0, "_wandb": {"runtime": 5}}