{"mean_reward": 75.9251675, "learning_rate": 0.01, "n_steps": 2048, "batch_size": 16, "n_epochs": 10, "_timestamp": 1720701799.6429458, "_runtime": 7.079141855239868, "_step": 0, "_wandb": {"runtime": 6}}