{"mean_reward": 72.80436254, "learning_rate": 0.0001, "n_steps": 1024, "batch_size": 64, "n_epochs": 20, "_timestamp": 1720634419.9140778, "_runtime": 4.694944858551025, "_step": 0, "_wandb": {"runtime": 4}}