{"mean_reward": 187.76878284000003, "learning_rate": 0.001, "n_steps": 3072, "batch_size": 128, "n_epochs": 50, "_timestamp": 1720623241.6099532, "_runtime": 8.66445016860962, "_step": 0, "_wandb": {"runtime": 8}}