{"mean_reward": 73.16710124, "learning_rate": 0.01, "n_steps": 1024, "batch_size": 224, "n_epochs": 20, "_timestamp": 1720624676.987982, "_runtime": 3.921900987625122, "_step": 0, "_wandb": {"runtime": 3}}