{"mean_reward": 82.6758049, "std_reward": 6.080861740024114, "width_factor": 0.6, "_timestamp": 1720691374.481951, "_runtime": 16.53183388710022, "_step": 2, "_wandb": {"runtime": 16}}