{"mean_reward": 0.9622729600000001, "learning_rate": 0.1, "n_steps": 3072, "batch_size": 224, "n_epochs": 50, "_timestamp": 1720619693.4583251, "_runtime": 6.977043151855469, "_step": 0, "_wandb": {"runtime": 6}}