{"mean_reward": 68.54880426, "learning_rate": 0.01, "n_steps": 1024, "batch_size": 160, "n_epochs": 20, "_timestamp": 1720618542.811348, "_runtime": 6.173965930938721, "_step": 0, "_wandb": {"runtime": 5}}