{"mean_reward": 84.71099198, "learning_rate": 0.001, "n_steps": 3072, "batch_size": 128, "n_epochs": 10, "_timestamp": 1720635336.1962812, "_runtime": 5.461428165435791, "_step": 0, "_wandb": {"runtime": 4}}