{"mean_reward": 151.79354619999998, "learning_rate": 0.001, "n_steps": 3072, "batch_size": 128, "n_epochs": 20, "_timestamp": 1720635395.1301086, "_runtime": 5.6943604946136475, "_step": 0, "_wandb": {"runtime": 5}}