{"mean_reward": 3.606245440000001, "learning_rate": 0.1, "n_steps": 1024, "batch_size": 32, "n_epochs": 10, "_timestamp": 1720610877.9812062, "_runtime": 4.34601616859436, "_step": 0, "_wandb": {"runtime": 4}}