{"mean_reward": 436.3263092599999, "std_reward": 1.854795090244517, "width_factor": 0.6, "_timestamp": 1720698160.839729, "_runtime": 27.035940170288086, "_step": 2, "_wandb": {"runtime": 26}}