{"mean_reward": 72.26994448, "learning_rate": 0.0001, "n_steps": 1024, "batch_size": 96, "n_epochs": 50, "_timestamp": 1720622822.600069, "_runtime": 5.540533065795898, "_step": 0, "_wandb": {"runtime": 5}}