{"mean_reward": 223.31695719999996, "learning_rate": 0.001, "n_steps": 3072, "batch_size": 96, "n_epochs": 50, "_timestamp": 1720617578.5413773, "_runtime": 8.640275239944458, "_step": 0, "_wandb": {"runtime": 8}}