{"mean_reward": 72.5353421, "learning_rate": 0.0001, "n_steps": 1024, "batch_size": 32, "n_epochs": 20, "_timestamp": 1720625957.3435037, "_runtime": 8.856522798538208, "_step": 0, "_wandb": {"runtime": 8}}