{"mean_reward": 71.48651794, "learning_rate": 0.01, "n_steps": 3072, "batch_size": 160, "n_epochs": 20, "_timestamp": 1720623643.5395403, "_runtime": 7.178329229354858, "_step": 0, "_wandb": {"runtime": 6}}