{"mean_reward": 87.33011556000001, "learning_rate": 0.0001, "n_steps": 2048, "batch_size": 160, "n_epochs": 20, "_timestamp": 1720618910.2993317, "_runtime": 10.98807954788208, "_step": 0, "_wandb": {"runtime": 10}}