{"mean_reward": 5.0771479, "learning_rate": 0.1, "n_steps": 3072, "batch_size": 96, "n_epochs": 50, "_timestamp": 1720688267.6659613, "_runtime": 12.986233234405518, "_step": 0, "_wandb": {"runtime": 12}}