{"mean_reward": 81.42335094, "learning_rate": 0.01, "n_steps": 1024, "batch_size": 48, "n_epochs": 50, "_timestamp": 1720703118.2082348, "_runtime": 7.095135688781738, "_step": 0, "_wandb": {"runtime": 6}}