{"mean_reward": 122.13463105999999, "learning_rate": 0.001, "n_steps": 3072, "batch_size": 192, "n_epochs": 50, "_timestamp": 1720619414.546046, "_runtime": 9.344866037368774, "_step": 0, "_wandb": {"runtime": 9}}