{"mean_reward": 74.4750008, "learning_rate": 0.01, "n_steps": 1024, "batch_size": 64, "n_epochs": 10, "_timestamp": 1720621902.4304008, "_runtime": 6.518105745315552, "_step": 0, "_wandb": {"runtime": 6}}