{"mean_reward": 9.861224219999999, "learning_rate": 0.1, "n_steps": 2048, "batch_size": 160, "n_epochs": 20, "_timestamp": 1720689529.337037, "_runtime": 5.463165998458862, "_step": 0, "_wandb": {"runtime": 5}}