{"mean_reward": 98.21859570000001, "learning_rate": 0.01, "n_steps": 2048, "batch_size": 224, "n_epochs": 20, "_timestamp": 1720614826.257102, "_runtime": 6.893136024475098, "_step": 0, "_wandb": {"runtime": 6}}