{"mean_reward": 73.67800524, "learning_rate": 0.0001, "n_steps": 1024, "batch_size": 64, "n_epochs": 10, "_timestamp": 1720622188.8055735, "_runtime": 4.1659135818481445, "_step": 0, "_wandb": {"runtime": 3}}