{"mean_reward": 1.70842572, "learning_rate": 0.1, "n_steps": 3072, "batch_size": 128, "n_epochs": 50, "_timestamp": 1720688956.528342, "_runtime": 10.785404920578003, "_step": 0, "_wandb": {"runtime": 10}}