{"mean_reward": 130.82531717999998, "learning_rate": 0.001, "n_steps": 2048, "batch_size": 64, "n_epochs": 50, "_timestamp": 1720611931.9179845, "_runtime": 10.400285482406616, "_step": 0, "_wandb": {"runtime": 10}}