{"mean_reward": 5.2927792, "learning_rate": 0.1, "n_steps": 3072, "batch_size": 224, "n_epochs": 10, "_timestamp": 1720624545.31735, "_runtime": 4.069785833358765, "_step": 0, "_wandb": {"runtime": 3}}