{"mean_reward": 84.48373733999999, "learning_rate": 0.0001, "n_steps": 2048, "batch_size": 96, "n_epochs": 10, "_timestamp": 1720688668.686142, "_runtime": 7.243116855621338, "_step": 0, "_wandb": {"runtime": 6}}