{"mean_reward": 4.0059445600000005, "learning_rate": 0.1, "n_steps": 1024, "batch_size": 160, "n_epochs": 50, "_timestamp": 1720613526.6604106, "_runtime": 6.949833631515503, "_step": 0, "_wandb": {"runtime": 6}}