{"mean_reward": 11.91053326, "learning_rate": 0.1, "n_steps": 2048, "batch_size": 96, "n_epochs": 50, "_timestamp": 1720617257.4982095, "_runtime": 6.842190504074097, "_step": 0, "_wandb": {"runtime": 6}}