{"mean_reward": 114.51174379999999, "learning_rate": 0.001, "n_steps": 3072, "batch_size": 160, "n_epochs": 20, "_timestamp": 1720635942.3732975, "_runtime": 7.642351388931274, "_step": 0, "_wandb": {"runtime": 7}}