{"mean_reward": -1.1080542, "learning_rate": 0.1, "n_steps": 1024, "batch_size": 192, "n_epochs": 20, "_timestamp": 1720624031.0652683, "_runtime": 3.632490396499634, "_step": 0, "_wandb": {"runtime": 3}}