{"mean_reward": 86.98141584000001, "learning_rate": 0.0001, "n_steps": 3072, "batch_size": 96, "n_epochs": 20, "_timestamp": 1720688735.9778004, "_runtime": 10.40196442604065, "_step": 0, "_wandb": {"runtime": 10}}