{"mean_reward": 78.30905979999999, "learning_rate": 0.001, "n_steps": 1024, "batch_size": 128, "n_epochs": 50, "_timestamp": 1720618177.6842883, "_runtime": 4.947319269180298, "_step": 0, "_wandb": {"runtime": 4}}