{"mean_reward": 173.13698907999998, "learning_rate": 0.01, "n_steps": 1024, "batch_size": 224, "n_epochs": 50, "_timestamp": 1720614868.9283304, "_runtime": 7.53613543510437, "_step": 0, "_wandb": {"runtime": 7}}