{"mean_reward": 70.59214818000001, "learning_rate": 0.0001, "n_steps": 1024, "batch_size": 160, "n_epochs": 20, "_timestamp": 1720613934.0887187, "_runtime": 7.256842613220215, "_step": 0, "_wandb": {"runtime": 6}}