{"mean_reward": 239.32313622, "learning_rate": 0.001, "n_steps": 3072, "batch_size": 224, "n_epochs": 50, "_timestamp": 1720629562.551003, "_runtime": 11.284476041793823, "_step": 0, "_wandb": {"runtime": 9}}