{"mean_reward": 3.054138080000001, "learning_rate": 0.1, "n_steps": 1024, "batch_size": 96, "n_epochs": 50, "_timestamp": 1720612221.9707937, "_runtime": 6.529616832733154, "_step": 0, "_wandb": {"runtime": 6}}