{"mean_reward": 136.58290738, "learning_rate": 0.01, "n_steps": 2048, "batch_size": 96, "n_epochs": 10, "_timestamp": 1720634652.2124434, "_runtime": 5.2027764320373535, "_step": 0, "_wandb": {"runtime": 4}}