{"mean_reward": 96.09297864, "learning_rate": 0.001, "n_steps": 2048, "batch_size": 128, "n_epochs": 10, "_timestamp": 1720689176.671276, "_runtime": 6.460506200790405, "_step": 0, "_wandb": {"runtime": 6}}