{"mean_reward": 233.83301781999998, "learning_rate": 0.01, "n_steps": 3072, "batch_size": 128, "n_epochs": 20, "_timestamp": 1720613053.356741, "_runtime": 11.079864978790283, "_step": 0, "_wandb": {"runtime": 10}}