{"mean_reward": 72.28105692000001, "learning_rate": 0.0001, "n_steps": 1024, "batch_size": 160, "n_epochs": 50, "_timestamp": 1720623952.0875523, "_runtime": 4.803859233856201, "_step": 0, "_wandb": {"runtime": 4}}