{"mean_reward": 89.47343032, "learning_rate": 0.01, "n_steps": 3072, "batch_size": 160, "n_epochs": 20, "_timestamp": 1720618587.093393, "_runtime": 9.015675067901611, "_step": 0, "_wandb": {"runtime": 8}}