{"mean_reward": 144.24842348, "learning_rate": 0.01, "n_steps": 3072, "batch_size": 128, "n_epochs": 20, "_timestamp": 1720635246.9752262, "_runtime": 6.056727170944214, "_step": 0, "_wandb": {"runtime": 5}}