{"mean_reward": 89.10695986, "learning_rate": 0.0001, "n_steps": 3072, "batch_size": 128, "n_epochs": 50, "_timestamp": 1720618342.6952024, "_runtime": 7.627752304077148, "_step": 0, "_wandb": {"runtime": 7}}