{"mean_reward": 75.90170818, "learning_rate": 0.01, "n_steps": 1024, "batch_size": 64, "n_epochs": 20, "_timestamp": 1720611666.2460985, "_runtime": 6.7109105587005615, "_step": 0, "_wandb": {"runtime": 6}}