{"mean_reward": 73.92128627999999, "learning_rate": 0.01, "n_steps": 1024, "batch_size": 16, "n_epochs": 20, "_timestamp": 1720701828.7007966, "_runtime": 7.238570690155029, "_step": 0, "_wandb": {"runtime": 6}}