{"mean_reward": 79.41463332000001, "learning_rate": 0.0001, "n_steps": 1024, "batch_size": 32, "n_epochs": 50, "_timestamp": 1720611438.8632436, "_runtime": 8.78408169746399, "_step": 0, "_wandb": {"runtime": 8}}