{"mean_reward": 82.30146234, "learning_rate": 0.01, "n_steps": 2048, "batch_size": 32, "n_epochs": 10, "_timestamp": 1720698376.785526, "_runtime": 4.926769971847534, "_step": 0, "_wandb": {"runtime": 4}}