{"mean_reward": 285.11942766, "std_reward": 1.4919274832613847, "width_factor": 0.6, "_timestamp": 1720690316.789363, "_runtime": 21.878305912017822, "_step": 2, "_wandb": {"runtime": 21}}