{"mean_reward": 7.8862783400000005, "learning_rate": 0.1, "n_steps": 2048, "batch_size": 192, "n_epochs": 10, "_timestamp": 1720624005.2907565, "_runtime": 3.539142370223999, "_step": 0, "_wandb": {"runtime": 3}}