{"mean_reward": 3.5842328400000003, "std_reward": 0.14816249913096904, "width_factor": 0.01, "_timestamp": 1720689698.3914933, "_runtime": 56.953829288482666, "_step": 0, "_wandb": {"runtime": 56}}