{"mean_reward": 82.9079648, "std_reward": 5.731809445730198, "width_factor": 0.6, "_timestamp": 1720691921.6519017, "_runtime": 16.361825704574585, "_step": 2, "_wandb": {"runtime": 15}}