{"mean_reward": 85.05861952, "learning_rate": 0.0001, "n_steps": 3072, "batch_size": 32, "n_epochs": 10, "_timestamp": 1720702781.695764, "_runtime": 5.972344160079956, "_step": 0, "_wandb": {"runtime": 5}}