{"mean_reward": 81.51705716000001, "learning_rate": 0.0001, "n_steps": 2048, "batch_size": 160, "n_epochs": 10, "_timestamp": 1720623867.4149618, "_runtime": 4.138736724853516, "_step": 0, "_wandb": {"runtime": 3}}