{"mean_reward": 100.23910624, "learning_rate": 0.0001, "n_steps": 2048, "batch_size": 64, "n_epochs": 50, "_timestamp": 1720634484.777358, "_runtime": 6.428739070892334, "_step": 0, "_wandb": {"runtime": 5}}