{"mean_reward": 3.7038626199999998, "learning_rate": 0.1, "n_steps": 3072, "batch_size": 128, "n_epochs": 10, "_timestamp": 1720612841.9204435, "_runtime": 8.28496241569519, "_step": 0, "_wandb": {"runtime": 7}}