{"mean_reward": 89.86892897999998, "learning_rate": 0.01, "n_steps": 3072, "batch_size": 224, "n_epochs": 10, "_timestamp": 1720629296.4158232, "_runtime": 7.455430269241333, "_step": 0, "_wandb": {"runtime": 7}}