{"mean_reward": 1.70131074, "learning_rate": 0.01, "n_steps": 2048, "batch_size": 32, "n_epochs": 20, "_timestamp": 1720620626.31617, "_runtime": 5.4728100299835205, "_step": 0, "_wandb": {"runtime": 5}}