{"mean_reward": 5.3960605799999986, "learning_rate": 0.1, "n_steps": 3072, "batch_size": 48, "n_epochs": 10, "_timestamp": 1720702927.4610162, "_runtime": 4.911991119384766, "_step": 0, "_wandb": {"runtime": 4}}