{"mean_reward": 75.84676774, "learning_rate": 0.0001, "n_steps": 2048, "batch_size": 224, "n_epochs": 50, "_timestamp": 1720629690.7006185, "_runtime": 7.780771493911743, "_step": 0, "_wandb": {"runtime": 7}}