{"mean_reward": 90.2960456, "learning_rate": 0.0001, "n_steps": 2048, "batch_size": 48, "n_epochs": 50, "_timestamp": 1720703414.1687813, "_runtime": 7.049689292907715, "_step": 0, "_wandb": {"runtime": 6}}