{"mean_reward": 81.48320962000001, "learning_rate": 0.001, "n_steps": 2048, "batch_size": 128, "n_epochs": 10, "_timestamp": 1720627612.2424178, "_runtime": 6.533608913421631, "_step": 0, "_wandb": {"runtime": 6}}