{"mean_reward": 62.500368359999996, "learning_rate": 0.01, "n_steps": 3072, "batch_size": 32, "n_epochs": 50, "_timestamp": 1720620712.450732, "_runtime": 19.57185196876526, "_step": 0, "_wandb": {"runtime": 19}}