{"mean_reward": 127.81542650000002, "learning_rate": 0.01, "n_steps": 3072, "batch_size": 128, "n_epochs": 10, "_timestamp": 1720627458.1380823, "_runtime": 9.650967359542847, "_step": 0, "_wandb": {"runtime": 9}}