{"mean_reward": 90.06647774, "learning_rate": 0.001, "n_steps": 3072, "batch_size": 128, "n_epochs": 20, "_timestamp": 1720618163.5559008, "_runtime": 6.220195770263672, "_step": 0, "_wandb": {"runtime": 5}}