{"mean_reward": 3.0812175, "learning_rate": 0.1, "n_steps": 2048, "batch_size": 224, "n_epochs": 10, "_timestamp": 1720629131.5962903, "_runtime": 5.211344242095947, "_step": 0, "_wandb": {"runtime": 4}}