{"mean_reward": 89.35098873999999, "learning_rate": 0.0001, "n_steps": 3072, "batch_size": 16, "n_epochs": 10, "_timestamp": 1720702141.500209, "_runtime": 6.920966148376465, "_step": 0, "_wandb": {"runtime": 6}}