{"mean_reward": 104.87883774000002, "learning_rate": 0.0001, "n_steps": 3072, "batch_size": 96, "n_epochs": 10, "_timestamp": 1720612660.325978, "_runtime": 9.082827091217041, "_step": 0, "_wandb": {"runtime": 8}}