{"mean_reward": 87.95992812, "learning_rate": 0.001, "n_steps": 2048, "batch_size": 96, "n_epochs": 50, "_timestamp": 1720617560.7138453, "_runtime": 6.3094642162323, "_step": 0, "_wandb": {"runtime": 5}}