{"mean_reward": 5.8332672400000005, "learning_rate": 0.1, "n_steps": 2048, "batch_size": 32, "n_epochs": 50, "_timestamp": 1720620534.8338468, "_runtime": 9.64133882522583, "_step": 0, "_wandb": {"runtime": 9}}