{"mean_reward": 252.21614654, "learning_rate": 0.01, "n_steps": 3072, "batch_size": 160, "n_epochs": 20, "_timestamp": 1720635809.859826, "_runtime": 5.991080045700073, "_step": 0, "_wandb": {"runtime": 5}}