{"mean_reward": 86.71253764, "learning_rate": 0.01, "n_steps": 1024, "batch_size": 32, "n_epochs": 10, "_timestamp": 1720702448.7242856, "_runtime": 4.847898721694946, "_step": 0, "_wandb": {"runtime": 4}}