{"mean_reward": 103.10717757999998, "learning_rate": 0.01, "n_steps": 3072, "batch_size": 48, "n_epochs": 10, "_timestamp": 1720698956.1063323, "_runtime": 5.5664262771606445, "_step": 0, "_wandb": {"runtime": 5}}