{"mean_reward": 124.44059222, "std_reward": 4.748822016706321, "width_factor": 0.6, "_timestamp": 1720690450.102705, "_runtime": 16.92282009124756, "_step": 2, "_wandb": {"runtime": 16}}