{"mean_reward": 67.50009756, "learning_rate": 0.001, "n_steps": 1024, "batch_size": 224, "n_epochs": 50, "_timestamp": 1720619927.0293703, "_runtime": 4.977904319763184, "_step": 0, "_wandb": {"runtime": 4}}