{"mean_reward": 0.2377399, "learning_rate": 0.1, "n_steps": 2048, "batch_size": 32, "n_epochs": 50, "_timestamp": 1720633477.7178826, "_runtime": 7.94023060798645, "_step": 0, "_wandb": {"runtime": 7}}