{"mean_reward": 134.17831102, "std_reward": 1.870432486440208, "width_factor": 0.6, "_timestamp": 1720705320.102706, "_runtime": 19.220627069473267, "_step": 2, "_wandb": {"runtime": 18}}