{"mean_reward": 85.67374818, "learning_rate": 0.0001, "n_steps": 3072, "batch_size": 48, "n_epochs": 10, "_timestamp": 1720703332.1950448, "_runtime": 5.325666666030884, "_step": 0, "_wandb": {"runtime": 5}}