{"mean_reward": 122.51570545999999, "learning_rate": 0.01, "n_steps": 3072, "batch_size": 128, "n_epochs": 10, "_timestamp": 1720612989.9162781, "_runtime": 10.520421028137207, "_step": 0, "_wandb": {"runtime": 10}}