{"mean_reward": 79.81643681999999, "std_reward": 1.6713572870184845, "width_factor": 0.6, "_timestamp": 1720694302.4058444, "_runtime": 19.31555938720703, "_step": 2, "_wandb": {"runtime": 18}}