{"mean_reward": 90.47816764, "learning_rate": 0.0001, "n_steps": 2048, "batch_size": 224, "n_epochs": 20, "_timestamp": 1720620031.8477542, "_runtime": 5.3512091636657715, "_step": 0, "_wandb": {"runtime": 5}}