{"mean_reward": 152.96207868, "learning_rate": 0.001, "n_steps": 3072, "batch_size": 32, "n_epochs": 50, "_timestamp": 1720687240.9367936, "_runtime": 21.385348558425903, "_step": 0, "_wandb": {"runtime": 21}}