{"mean_reward": 75.39153293999999, "learning_rate": 0.0001, "n_steps": 3072, "batch_size": 64, "n_epochs": 10, "_timestamp": 1720626587.929347, "_runtime": 5.96914005279541, "_step": 0, "_wandb": {"runtime": 5}}