{"mean_reward": 116.44865726, "learning_rate": 0.001, "n_steps": 2048, "batch_size": 96, "n_epochs": 10, "_timestamp": 1720634788.6294818, "_runtime": 4.325214862823486, "_step": 0, "_wandb": {"runtime": 4}}