{"mean_reward": 24.374089679999997, "learning_rate": 0.01, "n_steps": 3072, "batch_size": 32, "n_epochs": 10, "_timestamp": 1720620600.775058, "_runtime": 5.980726957321167, "_step": 0, "_wandb": {"runtime": 5}}