{"mean_reward": 126.97588408, "learning_rate": 0.01, "n_steps": 2048, "batch_size": 192, "n_epochs": 10, "_timestamp": 1720614189.8639348, "_runtime": 6.214052677154541, "_step": 0, "_wandb": {"runtime": 5}}