{"mean_reward": 79.02302739999999, "learning_rate": 0.0001, "n_steps": 3072, "batch_size": 192, "n_epochs": 10, "_timestamp": 1720629013.726771, "_runtime": 7.409865140914917, "_step": 0, "_wandb": {"runtime": 7}}