{"mean_reward": 88.21294565999997, "learning_rate": 0.001, "n_steps": 2048, "batch_size": 160, "n_epochs": 10, "_timestamp": 1720628228.8224485, "_runtime": 5.822568416595459, "_step": 0, "_wandb": {"runtime": 5}}