{"mean_reward": 10.15120314, "learning_rate": 0.1, "n_steps": 3072, "batch_size": 160, "n_epochs": 50, "_timestamp": 1720635719.378735, "_runtime": 5.453087091445923, "_step": 0, "_wandb": {"runtime": 4}}