{"train_reward": 55.08416526373198, "_timestamp": 1720794757.0007625, "_runtime": 21.63593554496765, "_step": 923}