{"mean_reward": 101.85886166000002, "learning_rate": 0.001, "n_steps": 3072, "batch_size": 224, "n_epochs": 20, "_timestamp": 1720619913.146583, "_runtime": 6.818089962005615, "_step": 0, "_wandb": {"runtime": 6}}