{"mean_reward": 73.63022663999999, "learning_rate": 0.0001, "n_steps": 1024, "batch_size": 128, "n_epochs": 20, "_timestamp": 1720627788.27123, "_runtime": 5.062891960144043, "_step": 0, "_wandb": {"runtime": 4}}