{"mean_reward": 73.73203894, "learning_rate": 0.001, "n_steps": 1024, "batch_size": 48, "n_epochs": 20, "_timestamp": 1720699106.9453354, "_runtime": 4.952969312667847, "_step": 0, "_wandb": {"runtime": 4}}