{"mean_reward": 75.3389773, "learning_rate": 0.001, "n_steps": 3072, "batch_size": 224, "n_epochs": 10, "_timestamp": 1720629458.3150113, "_runtime": 7.465311288833618, "_step": 0, "_wandb": {"runtime": 7}}