{"mean_reward": 169.97930843999998, "learning_rate": 0.01, "n_steps": 1024, "batch_size": 32, "n_epochs": 50, "_timestamp": 1720611126.4163764, "_runtime": 9.50148344039917, "_step": 0, "_wandb": {"runtime": 9}}