{"mean_reward": 50.529350279999996, "learning_rate": 0.01, "n_steps": 3072, "batch_size": 32, "n_epochs": 20, "_timestamp": 1720686971.5526628, "_runtime": 10.60972785949707, "_step": 0, "_wandb": {"runtime": 10}}