{"mean_reward": 83.55720994, "learning_rate": 0.0001, "n_steps": 2048, "batch_size": 128, "n_epochs": 50, "_timestamp": 1720618326.4721987, "_runtime": 5.800048828125, "_step": 0, "_wandb": {"runtime": 5}}