{"mean_reward": 89.90746752, "learning_rate": 0.001, "n_steps": 3072, "batch_size": 32, "n_epochs": 10, "_timestamp": 1720633707.7666864, "_runtime": 5.914325475692749, "_step": 0, "_wandb": {"runtime": 5}}