{"mean_reward": 5.2968040400000005, "learning_rate": 0.1, "n_steps": 2048, "batch_size": 160, "n_epochs": 10, "_timestamp": 1720613447.033267, "_runtime": 6.498678922653198, "_step": 0, "_wandb": {"runtime": 6}}