{"mean_reward": 79.02302739999999, "learning_rate": 0.0001, "n_steps": 3072, "batch_size": 192, "n_epochs": 10, "_timestamp": 1720624419.9544983, "_runtime": 4.702276229858398, "_step": 0, "_wandb": {"runtime": 4}}