{"mean_reward": 174.62327059999998, "learning_rate": 0.001, "n_steps": 3072, "batch_size": 64, "n_epochs": 20, "_timestamp": 1720687854.9594367, "_runtime": 10.806365728378296, "_step": 0, "_wandb": {"runtime": 10}}