{"mean_reward": 0.27701488, "learning_rate": 0.1, "n_steps": 1024, "batch_size": 224, "n_epochs": 10, "_timestamp": 1720624523.3780806, "_runtime": 3.443061590194702, "_step": 0, "_wandb": {"runtime": 2}}