{"mean_reward": 95.94720659999999, "learning_rate": 0.001, "n_steps": 3072, "batch_size": 192, "n_epochs": 10, "_timestamp": 1720614353.432508, "_runtime": 7.49608588218689, "_step": 0, "_wandb": {"runtime": 7}}