{"mean_reward": 76.27772069999999, "learning_rate": 0.0001, "n_steps": 2048, "batch_size": 32, "n_epochs": 10, "_timestamp": 1720698670.6613808, "_runtime": 4.810346841812134, "_step": 0, "_wandb": {"runtime": 4}}