{"mean_reward": 81.87967203999999, "learning_rate": 0.0001, "n_steps": 3072, "batch_size": 48, "n_epochs": 50, "_timestamp": 1720703433.1622152, "_runtime": 9.253770351409912, "_step": 0, "_wandb": {"runtime": 8}}