{"mean_reward": 75.86368504000001, "learning_rate": 0.0001, "n_steps": 3072, "batch_size": 160, "n_epochs": 50, "_timestamp": 1720623979.8944273, "_runtime": 5.85423731803894, "_step": 0, "_wandb": {"runtime": 5}}