{"mean_reward": 87.64061814, "learning_rate": 0.001, "n_steps": 3072, "batch_size": 96, "n_epochs": 10, "_timestamp": 1720612477.8369215, "_runtime": 10.440657377243042, "_step": 0, "_wandb": {"runtime": 10}}