{"mean_reward": 73.88104656, "learning_rate": 0.001, "n_steps": 1024, "batch_size": 96, "n_epochs": 10, "_timestamp": 1720622609.2709212, "_runtime": 4.118265151977539, "_step": 0, "_wandb": {"runtime": 3}}