{"mean_reward": 79.57658336, "std_reward": 2.471995559925719, "width_factor": 0.6, "_timestamp": 1720699926.502864, "_runtime": 12.300654888153076, "_step": 2, "_wandb": {"runtime": 11}}