{"mean_reward": 78.27461568000001, "learning_rate": 0.001, "n_steps": 1024, "batch_size": 224, "n_epochs": 50, "_timestamp": 1720624857.1207008, "_runtime": 5.6242218017578125, "_step": 0, "_wandb": {"runtime": 5}}