{"mean_reward": 72.67267116, "learning_rate": 0.0001, "n_steps": 1024, "batch_size": 32, "n_epochs": 10, "_timestamp": 1720616420.1403918, "_runtime": 4.680186748504639, "_step": 0, "_wandb": {"runtime": 4}}