{"mean_reward": 77.57586192, "learning_rate": 0.0001, "n_steps": 3072, "batch_size": 16, "n_epochs": 10, "_timestamp": 1720698074.3182647, "_runtime": 7.363264799118042, "_step": 0, "_wandb": {"runtime": 7}}