{"mean_reward": 0.25013924, "learning_rate": 0.1, "n_steps": 2048, "batch_size": 32, "n_epochs": 10, "_timestamp": 1720686691.8592796, "_runtime": 6.054173707962036, "_step": 0, "_wandb": {"runtime": 5}}