{"mean_reward": 71.10778783999999, "learning_rate": 0.001, "n_steps": 1024, "batch_size": 192, "n_epochs": 50, "_timestamp": 1720614416.5106184, "_runtime": 7.087153434753418, "_step": 0, "_wandb": {"runtime": 6}}