{"mean_reward": 90.56722179999998, "learning_rate": 0.0001, "n_steps": 2048, "batch_size": 32, "n_epochs": 50, "_timestamp": 1720687390.280985, "_runtime": 12.560845136642456, "_step": 0, "_wandb": {"runtime": 12}}