{"mean_reward": 82.00484468, "learning_rate": 0.001, "n_steps": 1024, "batch_size": 192, "n_epochs": 20, "_timestamp": 1720614368.1631, "_runtime": 6.187381982803345, "_step": 0, "_wandb": {"runtime": 5}}