{"mean_reward": 50.84146762, "learning_rate": 0.01, "n_steps": 3072, "batch_size": 32, "n_epochs": 50, "_timestamp": 1720702591.7985938, "_runtime": 11.358802795410156, "_step": 0, "_wandb": {"runtime": 11}}