{"mean_reward": 63.14117636, "learning_rate": 0.01, "n_steps": 2048, "batch_size": 128, "n_epochs": 20, "_timestamp": 1720623025.9787834, "_runtime": 4.34769344329834, "_step": 0, "_wandb": {"runtime": 4}}