{"mean_reward": 82.58565864, "learning_rate": 0.01, "n_steps": 2048, "batch_size": 32, "n_epochs": 10, "_timestamp": 1720620588.7091606, "_runtime": 5.673761606216431, "_step": 0, "_wandb": {"runtime": 5}}