{"mean_reward": 1.7090256400000001, "learning_rate": 0.1, "n_steps": 3072, "batch_size": 128, "n_epochs": 10, "_timestamp": 1720635061.505135, "_runtime": 4.16469407081604, "_step": 0, "_wandb": {"runtime": 3}}