{"mean_reward": 81.94820276, "learning_rate": 0.0001, "n_steps": 2048, "batch_size": 64, "n_epochs": 50, "_timestamp": 1720617109.803422, "_runtime": 6.877683877944946, "_step": 0, "_wandb": {"runtime": 6}}