{"mean_reward": 75.19331109999999, "learning_rate": 0.0001, "n_steps": 1024, "batch_size": 32, "n_epochs": 10, "_timestamp": 1720702748.5260062, "_runtime": 4.808200120925903, "_step": 0, "_wandb": {"runtime": 4}}