{"mean_reward": 75.31319034, "learning_rate": 0.0001, "n_steps": 3072, "batch_size": 224, "n_epochs": 50, "_timestamp": 1720625010.6138191, "_runtime": 7.674516201019287, "_step": 0, "_wandb": {"runtime": 7}}