{"mean_reward": 50.60180598, "learning_rate": 0.01, "n_steps": 3072, "batch_size": 32, "n_epochs": 20, "_timestamp": 1720633609.3725183, "_runtime": 7.119250297546387, "_step": 0, "_wandb": {"runtime": 6}}