{"mean_reward": 76.58143326, "learning_rate": 0.0001, "n_steps": 3072, "batch_size": 96, "n_epochs": 10, "_timestamp": 1720627161.1603305, "_runtime": 5.065500497817993, "_step": 0, "_wandb": {"runtime": 4}}