{"mean_reward": 25.799470200000002, "learning_rate": 0.01, "n_steps": 2048, "batch_size": 64, "n_epochs": 10, "_timestamp": 1720611634.4108288, "_runtime": 5.345094919204712, "_step": 0, "_wandb": {"runtime": 4}}