{"mean_reward": 224.77620132, "learning_rate": 0.01, "n_steps": 3072, "batch_size": 96, "n_epochs": 20, "_timestamp": 1720617375.470102, "_runtime": 10.865976095199585, "_step": 0, "_wandb": {"runtime": 10}}