{"mean_reward": 79.82316616, "std_reward": 1.8284093589466817, "width_factor": 0.6, "_timestamp": 1720694994.8067062, "_runtime": 18.453651189804077, "_step": 2, "_wandb": {"runtime": 17}}