{"mean_reward": 241.73788452, "learning_rate": 0.01, "n_steps": 2048, "batch_size": 128, "n_epochs": 10, "_timestamp": 1720688990.644607, "_runtime": 8.615352153778076, "_step": 0, "_wandb": {"runtime": 8}}