{"mean_reward": 125.43766267999999, "learning_rate": 0.01, "n_steps": 2048, "batch_size": 160, "n_epochs": 50, "_timestamp": 1720618619.2982473, "_runtime": 8.994794368743896, "_step": 0, "_wandb": {"runtime": 8}}