{"mean_reward": 2.34909846, "learning_rate": 0.1, "n_steps": 3072, "batch_size": 64, "n_epochs": 20, "_timestamp": 1720634031.8899558, "_runtime": 5.1550188064575195, "_step": 0, "_wandb": {"runtime": 4}}