{"mean_reward": 75.75979558, "learning_rate": 0.0001, "n_steps": 2048, "batch_size": 128, "n_epochs": 20, "_timestamp": 1720627803.9601312, "_runtime": 4.951797246932983, "_step": 0, "_wandb": {"runtime": 4}}