{"mean_reward": 133.12541632, "learning_rate": 0.01, "n_steps": 1024, "batch_size": 128, "n_epochs": 20, "_timestamp": 1720623006.2473555, "_runtime": 4.971428394317627, "_step": 0, "_wandb": {"runtime": 4}}