{"mean_reward": 87.61653946, "learning_rate": 0.01, "n_steps": 3072, "batch_size": 32, "n_epochs": 20, "_timestamp": 1720621284.31466, "_runtime": 12.075101137161255, "_step": 0, "_wandb": {"runtime": 11}}