{"mean_reward": 85.45583988, "learning_rate": 0.0001, "n_steps": 1024, "batch_size": 96, "n_epochs": 10, "_timestamp": 1720617589.7714372, "_runtime": 4.42674708366394, "_step": 0, "_wandb": {"runtime": 4}}