{"mean_reward": 5.84395482, "learning_rate": 0.1, "n_steps": 1024, "batch_size": 160, "n_epochs": 50, "_timestamp": 1720618450.5385475, "_runtime": 8.317490577697754, "_step": 0, "_wandb": {"runtime": 7}}