{"mean_reward": 174.85890763999998, "learning_rate": 0.001, "n_steps": 3072, "batch_size": 64, "n_epochs": 20, "_timestamp": 1720634311.0316846, "_runtime": 6.50211763381958, "_step": 0, "_wandb": {"runtime": 6}}