{"mean_reward": 101.85194306, "learning_rate": 0.01, "n_steps": 1024, "batch_size": 32, "n_epochs": 50, "_timestamp": 1720620662.809634, "_runtime": 11.965224027633667, "_step": 0, "_wandb": {"runtime": 11}}