{"mean_reward": 74.23031394, "learning_rate": 0.001, "n_steps": 1024, "batch_size": 128, "n_epochs": 10, "_timestamp": 1720627595.889607, "_runtime": 6.113936901092529, "_step": 0, "_wandb": {"runtime": 5}}