{"mean_reward": 5.39550264, "learning_rate": 0.1, "n_steps": 3072, "batch_size": 48, "n_epochs": 20, "_timestamp": 1720702974.777351, "_runtime": 5.6702799797058105, "_step": 0, "_wandb": {"runtime": 5}}