{"mean_reward": 74.87455758, "learning_rate": 0.0001, "n_steps": 1024, "batch_size": 64, "n_epochs": 50, "_timestamp": 1720688044.701778, "_runtime": 9.410318851470947, "_step": 0, "_wandb": {"runtime": 9}}