{"mean_reward": 80.20378982, "learning_rate": 0.0001, "n_steps": 3072, "batch_size": 32, "n_epochs": 20, "_timestamp": 1720625994.7719455, "_runtime": 12.236215591430664, "_step": 0, "_wandb": {"runtime": 11}}