{"mean_reward": 95.28364279999998, "learning_rate": 0.0001, "n_steps": 3072, "batch_size": 32, "n_epochs": 20, "_timestamp": 1720687346.1448004, "_runtime": 10.85259747505188, "_step": 0, "_wandb": {"runtime": 10}}