{"mean_reward": 77.4660377, "learning_rate": 0.001, "n_steps": 1024, "batch_size": 96, "n_epochs": 20, "_timestamp": 1720688520.2232425, "_runtime": 7.697378635406494, "_step": 0, "_wandb": {"runtime": 7}}