{"mean_reward": 244.22786177999998, "learning_rate": 0.001, "n_steps": 3072, "batch_size": 192, "n_epochs": 50, "_timestamp": 1720624374.215987, "_runtime": 6.687870979309082, "_step": 0, "_wandb": {"runtime": 6}}