{"mean_reward": 79.40956654, "learning_rate": 0.0001, "n_steps": 2048, "batch_size": 96, "n_epochs": 20, "_timestamp": 1720634966.2171926, "_runtime": 4.52743673324585, "_step": 0, "_wandb": {"runtime": 4}}