{"mean_reward": 173.03464706000003, "learning_rate": 0.001, "n_steps": 3072, "batch_size": 160, "n_epochs": 50, "_timestamp": 1720628353.6327353, "_runtime": 10.130381345748901, "_step": 0, "_wandb": {"runtime": 9}}