{"mean_reward": 99.16314754000001, "learning_rate": 0.0001, "n_steps": 2048, "batch_size": 192, "n_epochs": 10, "_timestamp": 1720619441.3827522, "_runtime": 5.9424052238464355, "_step": 0, "_wandb": {"runtime": 5}}