{"mean_reward": 1.69013364, "learning_rate": 0.1, "n_steps": 3072, "batch_size": 16, "n_epochs": 10, "_timestamp": 1720697549.8031023, "_runtime": 6.522095203399658, "_step": 0, "_wandb": {"runtime": 6}}