{"mean_reward": 92.54552926000001, "learning_rate": 0.01, "n_steps": 1024, "batch_size": 64, "n_epochs": 10, "_timestamp": 1720634084.364802, "_runtime": 4.6225738525390625, "_step": 0, "_wandb": {"runtime": 4}}