{"mean_reward": 3.6135207199999995, "learning_rate": 0.1, "n_steps": 1024, "batch_size": 64, "n_epochs": 20, "_timestamp": 1720687476.899474, "_runtime": 5.781374931335449, "_step": 0, "_wandb": {"runtime": 5}}