{"mean_reward": 77.30671052, "learning_rate": 0.001, "n_steps": 2048, "batch_size": 96, "n_epochs": 20, "_timestamp": 1720617521.4352717, "_runtime": 5.198464632034302, "_step": 0, "_wandb": {"runtime": 4}}