{"mean_reward": 0.26536452, "learning_rate": 0.1, "n_steps": 1024, "batch_size": 224, "n_epochs": 20, "_timestamp": 1720619617.1656008, "_runtime": 3.8982908725738525, "_step": 0, "_wandb": {"runtime": 3}}