{"mean_reward": 122.59186876, "learning_rate": 0.01, "n_steps": 3072, "batch_size": 128, "n_epochs": 20, "_timestamp": 1720617999.5136244, "_runtime": 9.524025440216064, "_step": 0, "_wandb": {"runtime": 9}}