{"mean_reward": 95.66829086, "learning_rate": 0.01, "n_steps": 2048, "batch_size": 192, "n_epochs": 20, "_timestamp": 1720636334.02635, "_runtime": 4.212531089782715, "_step": 0, "_wandb": {"runtime": 3}}