{"mean_reward": 5.29810872, "learning_rate": 0.1, "n_steps": 3072, "batch_size": 96, "n_epochs": 50, "_timestamp": 1720617273.5754838, "_runtime": 8.443171739578247, "_step": 0, "_wandb": {"runtime": 8}}