{"mean_reward": 79.81762766, "learning_rate": 0.0001, "n_steps": 3072, "batch_size": 64, "n_epochs": 20, "_timestamp": 1720612051.9605064, "_runtime": 9.287739515304565, "_step": 0, "_wandb": {"runtime": 9}}