{"mean_reward": 112.6982223, "learning_rate": 0.01, "n_steps": 3072, "batch_size": 224, "n_epochs": 10, "_timestamp": 1720614795.5403123, "_runtime": 8.258474349975586, "_step": 0, "_wandb": {"runtime": 7}}