{"mean_reward": 91.56886294000002, "learning_rate": 0.0001, "n_steps": 3072, "batch_size": 32, "n_epochs": 50, "_timestamp": 1720616554.1721828, "_runtime": 12.487192869186401, "_step": 0, "_wandb": {"runtime": 12}}