{"mean_reward": 5.91607536, "learning_rate": 0.1, "n_steps": 1024, "batch_size": 160, "n_epochs": 10, "_timestamp": 1720613430.7175744, "_runtime": 4.78492546081543, "_step": 0, "_wandb": {"runtime": 4}}