{"mean_reward": 83.14864093999999, "learning_rate": 0.0001, "n_steps": 3072, "batch_size": 128, "n_epochs": 50, "_timestamp": 1720689455.2580035, "_runtime": 9.77923035621643, "_step": 0, "_wandb": {"runtime": 9}}