{"mean_reward": 72.32541512, "learning_rate": 0.01, "n_steps": 2048, "batch_size": 64, "n_epochs": 10, "_timestamp": 1720626261.0961933, "_runtime": 4.996931314468384, "_step": 0, "_wandb": {"runtime": 4}}