{"mean_reward": 89.48755749999998, "learning_rate": 0.01, "n_steps": 2048, "batch_size": 224, "n_epochs": 20, "_timestamp": 1720636857.5376105, "_runtime": 4.075550556182861, "_step": 0, "_wandb": {"runtime": 3}}