{"mean_reward": 236.06040002, "learning_rate": 0.001, "n_steps": 3072, "batch_size": 16, "n_epochs": 50, "_timestamp": 1720702101.2556038, "_runtime": 18.756146907806396, "_step": 0, "_wandb": {"runtime": 18}}