{"mean_reward": 3.59592288, "learning_rate": 0.1, "n_steps": 3072, "batch_size": 96, "n_epochs": 50, "_timestamp": 1720626805.7593887, "_runtime": 7.611144781112671, "_step": 0, "_wandb": {"runtime": 7}}