{"mean_reward": 89.78568557999999, "learning_rate": 0.0001, "n_steps": 2048, "batch_size": 32, "n_epochs": 50, "_timestamp": 1720702867.4502034, "_runtime": 8.605828523635864, "_step": 0, "_wandb": {"runtime": 8}}