{"mean_reward": 120.4468991, "learning_rate": 0.001, "n_steps": 3072, "batch_size": 224, "n_epochs": 20, "_timestamp": 1720629512.7876403, "_runtime": 8.93289041519165, "_step": 0, "_wandb": {"runtime": 8}}