{"mean_reward": 5.3013974, "learning_rate": 0.1, "n_steps": 3072, "batch_size": 224, "n_epochs": 50, "_timestamp": 1720624620.3780346, "_runtime": 4.865347623825073, "_step": 0, "_wandb": {"runtime": 4}}