{"mean_reward": 91.93153183999999, "learning_rate": 0.01, "n_steps": 3072, "batch_size": 160, "n_epochs": 10, "_timestamp": 1720618530.5713484, "_runtime": 9.419098377227783, "_step": 0, "_wandb": {"runtime": 9}}