{"mean_reward": 73.94687184, "learning_rate": 0.0001, "n_steps": 1024, "batch_size": 48, "n_epochs": 20, "_timestamp": 1720703348.3344276, "_runtime": 4.965329647064209, "_step": 0, "_wandb": {"runtime": 4}}