{"mean_reward": 84.62730755999999, "learning_rate": 0.0001, "n_steps": 2048, "batch_size": 64, "n_epochs": 50, "_timestamp": 1720626662.1508334, "_runtime": 6.351281404495239, "_step": 0, "_wandb": {"runtime": 6}}