{"mean_reward": 27.61438346, "learning_rate": 0.1, "n_steps": 3072, "batch_size": 32, "n_epochs": 10, "_timestamp": 1720625405.4458547, "_runtime": 9.096250772476196, "_step": 0, "_wandb": {"runtime": 8}}