{"mean_reward": 80.42374012, "learning_rate": 0.001, "n_steps": 1024, "batch_size": 32, "n_epochs": 20, "_timestamp": 1720702649.0401132, "_runtime": 5.826679229736328, "_step": 0, "_wandb": {"runtime": 5}}