{"mean_reward": 124.40458964, "std_reward": 2.109461096935506, "width_factor": 0.6, "_timestamp": 1720691129.600258, "_runtime": 18.68903923034668, "_step": 2, "_wandb": {"runtime": 18}}