{"mean_reward": 213.28522382, "learning_rate": 0.001, "n_steps": 3072, "batch_size": 160, "n_epochs": 50, "_timestamp": 1720635988.7723622, "_runtime": 6.879668235778809, "_step": 0, "_wandb": {"runtime": 6}}