{"mean_reward": 79.12306642, "learning_rate": 0.0001, "n_steps": 2048, "batch_size": 224, "n_epochs": 50, "_timestamp": 1720637195.343417, "_runtime": 4.714545011520386, "_step": 0, "_wandb": {"runtime": 4}}