{"mean_reward": 163.62340673999998, "learning_rate": 0.01, "n_steps": 1024, "batch_size": 192, "n_epochs": 50, "_timestamp": 1720619246.7827034, "_runtime": 6.026674509048462, "_step": 0, "_wandb": {"runtime": 5}}