{"mean_reward": 67.41874428, "learning_rate": 0.01, "n_steps": 1024, "batch_size": 32, "n_epochs": 10, "_timestamp": 1720621180.7825873, "_runtime": 7.2271974086761475, "_step": 0, "_wandb": {"runtime": 6}}