{"mean_reward": 133.83912543999998, "learning_rate": 0.01, "n_steps": 3072, "batch_size": 128, "n_epochs": 20, "_timestamp": 1720627511.1982677, "_runtime": 10.296189785003662, "_step": 0, "_wandb": {"runtime": 9}}