{"mean_reward": 7.122635679999999, "learning_rate": 0.1, "n_steps": 3072, "batch_size": 64, "n_epochs": 50, "_timestamp": 1720626227.4176996, "_runtime": 8.354031562805176, "_step": 0, "_wandb": {"runtime": 8}}