{"mean_reward": 98.50966932, "learning_rate": 0.0001, "n_steps": 2048, "batch_size": 160, "n_epochs": 50, "_timestamp": 1720613997.2202365, "_runtime": 7.928403615951538, "_step": 0, "_wandb": {"runtime": 7}}