{"mean_reward": 73.11773265999999, "learning_rate": 0.0001, "n_steps": 1024, "batch_size": 224, "n_epochs": 50, "_timestamp": 1720624978.693715, "_runtime": 7.9012291431427, "_step": 0, "_wandb": {"runtime": 7}}