{"mean_reward": 63.9687516, "learning_rate": 0.01, "n_steps": 3072, "batch_size": 192, "n_epochs": 20, "_timestamp": 1720614254.8780084, "_runtime": 7.2976884841918945, "_step": 0, "_wandb": {"runtime": 7}}