{"mean_reward": 107.47187548000002, "learning_rate": 0.0001, "n_steps": 2048, "batch_size": 224, "n_epochs": 10, "_timestamp": 1720619980.697247, "_runtime": 5.645563125610352, "_step": 0, "_wandb": {"runtime": 5}}