{"mean_reward": 203.9838399, "learning_rate": 0.01, "n_steps": 3072, "batch_size": 224, "n_epochs": 10, "_timestamp": 1720636827.0944595, "_runtime": 5.279292583465576, "_step": 0, "_wandb": {"runtime": 4}}