{"mean_reward": 196.57396502, "learning_rate": 0.01, "n_steps": 3072, "batch_size": 128, "n_epochs": 50, "_timestamp": 1720618059.110636, "_runtime": 12.37917709350586, "_step": 0, "_wandb": {"runtime": 12}}