{"mean_reward": 130.39259758, "learning_rate": 0.01, "n_steps": 3072, "batch_size": 224, "n_epochs": 20, "_timestamp": 1720636869.9104583, "_runtime": 5.125711441040039, "_step": 0, "_wandb": {"runtime": 4}}