{"mean_reward": 209.31942343999998, "learning_rate": 0.001, "n_steps": 3072, "batch_size": 224, "n_epochs": 50, "_timestamp": 1720615046.269083, "_runtime": 10.789283990859985, "_step": 0, "_wandb": {"runtime": 10}}