{"mean_reward": 206.23848808000002, "learning_rate": 0.01, "n_steps": 2048, "batch_size": 32, "n_epochs": 20, "_timestamp": 1720686953.3563318, "_runtime": 9.003257751464844, "_step": 0, "_wandb": {"runtime": 8}}