{"mean_reward": -1.4019478199999997, "learning_rate": 0.1, "n_steps": 1024, "batch_size": 224, "n_epochs": 20, "_timestamp": 1720624560.0920012, "_runtime": 3.4006903171539307, "_step": 0, "_wandb": {"runtime": 3}}