{"mean_reward": 157.66357844, "learning_rate": 0.001, "n_steps": 3072, "batch_size": 160, "n_epochs": 10, "_timestamp": 1720613759.4613016, "_runtime": 9.28057050704956, "_step": 0, "_wandb": {"runtime": 8}}