{"mean_reward": 71.80343678, "learning_rate": 0.0001, "n_steps": 1024, "batch_size": 32, "n_epochs": 10, "_timestamp": 1720621556.7792604, "_runtime": 7.3882434368133545, "_step": 0, "_wandb": {"runtime": 7}}