{"mean_reward": 79.77376566, "std_reward": 1.9872891723466468, "width_factor": 0.6, "_timestamp": 1720696756.0489037, "_runtime": 13.982699632644653, "_step": 2, "_wandb": {"runtime": 13}}