{"mean_reward": 4.08721904, "learning_rate": 0.1, "n_steps": 2048, "batch_size": 16, "n_epochs": 20, "_timestamp": 1720701663.843977, "_runtime": 6.9201579093933105, "_step": 0, "_wandb": {"runtime": 6}}