{"mean_reward": 75.31319034, "learning_rate": 0.0001, "n_steps": 3072, "batch_size": 224, "n_epochs": 50, "_timestamp": 1720629707.852309, "_runtime": 9.146358966827393, "_step": 0, "_wandb": {"runtime": 8}}