{"mean_reward": 77.62249010000001, "learning_rate": 0.001, "n_steps": 1024, "batch_size": 96, "n_epochs": 20, "_timestamp": 1720634814.3719375, "_runtime": 4.384236574172974, "_step": 0, "_wandb": {"runtime": 4}}