{"mean_reward": 5.2927792, "learning_rate": 0.1, "n_steps": 3072, "batch_size": 224, "n_epochs": 10, "_timestamp": 1720629148.0302348, "_runtime": 5.914557695388794, "_step": 0, "_wandb": {"runtime": 5}}