{"mean_reward": 82.76683836000001, "learning_rate": 0.0001, "n_steps": 2048, "batch_size": 16, "n_epochs": 20, "_timestamp": 1720702174.046088, "_runtime": 7.793447971343994, "_step": 0, "_wandb": {"runtime": 7}}