{"mean_reward": 86.06031718000003, "learning_rate": 0.0001, "n_steps": 3072, "batch_size": 160, "n_epochs": 10, "_timestamp": 1720613917.7067635, "_runtime": 8.48732042312622, "_step": 0, "_wandb": {"runtime": 8}}