{"mean_reward": 119.25976818000001, "learning_rate": 0.001, "n_steps": 2048, "batch_size": 224, "n_epochs": 20, "_timestamp": 1720614979.4005785, "_runtime": 7.211322546005249, "_step": 0, "_wandb": {"runtime": 7}}