{"mean_reward": 76.22568146, "learning_rate": 0.0001, "n_steps": 2048, "batch_size": 160, "n_epochs": 20, "_timestamp": 1720628428.7208905, "_runtime": 6.140420436859131, "_step": 0, "_wandb": {"runtime": 5}}