{"mean_reward": 79.95921852, "std_reward": 1.9982222242210625, "width_factor": 0.6, "_timestamp": 1720695746.9321613, "_runtime": 24.11638832092285, "_step": 2, "_wandb": {"runtime": 23}}