{"mean_reward": 145.01072936, "learning_rate": 0.01, "n_steps": 3072, "batch_size": 128, "n_epochs": 20, "_timestamp": 1720689080.3736897, "_runtime": 9.106781721115112, "_step": 0, "_wandb": {"runtime": 8}}