{"mean_reward": 59.568686740000004, "learning_rate": 0.1, "n_steps": 1024, "batch_size": 96, "n_epochs": 20, "_timestamp": 1720688164.4894423, "_runtime": 8.446714401245117, "_step": 0, "_wandb": {"runtime": 8}}