{"mean_reward": 78.6432317, "learning_rate": 0.0001, "n_steps": 2048, "batch_size": 48, "n_epochs": 20, "_timestamp": 1720699253.0104795, "_runtime": 5.45367956161499, "_step": 0, "_wandb": {"runtime": 5}}