{"mean_reward": 80.5505153, "learning_rate": 0.001, "n_steps": 1024, "batch_size": 32, "n_epochs": 20, "_timestamp": 1720620771.8523953, "_runtime": 5.940536260604858, "_step": 0, "_wandb": {"runtime": 5}}