{"mean_reward": 5.8371143199999995, "learning_rate": 0.1, "n_steps": 2048, "batch_size": 32, "n_epochs": 10, "_timestamp": 1720620445.7128072, "_runtime": 4.455344200134277, "_step": 0, "_wandb": {"runtime": 4}}