{"mean_reward": 79.09185466000001, "learning_rate": 0.0001, "n_steps": 1024, "batch_size": 128, "n_epochs": 10, "_timestamp": 1720623262.9808185, "_runtime": 4.47381854057312, "_step": 0, "_wandb": {"runtime": 4}}