{"mean_reward": 87.99196432000001, "learning_rate": 0.0001, "n_steps": 3072, "batch_size": 224, "n_epochs": 10, "_timestamp": 1720619995.7768962, "_runtime": 6.280776262283325, "_step": 0, "_wandb": {"runtime": 5}}