{"mean_reward": 76.49392546, "learning_rate": 0.0001, "n_steps": 2048, "batch_size": 32, "n_epochs": 10, "_timestamp": 1720621572.3891728, "_runtime": 7.202122688293457, "_step": 0, "_wandb": {"runtime": 6}}