{"mean_reward": 62.98374302, "learning_rate": 0.0001, "n_steps": 1024, "batch_size": 96, "n_epochs": 50, "_timestamp": 1720617682.0591726, "_runtime": 7.132516622543335, "_step": 0, "_wandb": {"runtime": 6}}