{"mean_reward": 103.99073112, "learning_rate": 0.0001, "n_steps": 3072, "batch_size": 16, "n_epochs": 20, "_timestamp": 1720702192.846603, "_runtime": 10.167557001113892, "_step": 0, "_wandb": {"runtime": 9}}