{"mean_reward": 62.573347059999996, "learning_rate": 0.001, "n_steps": 1024, "batch_size": 96, "n_epochs": 10, "_timestamp": 1720617448.8524895, "_runtime": 6.305257558822632, "_step": 0, "_wandb": {"runtime": 6}}