{"mean_reward": 72.3305846, "learning_rate": 0.0001, "n_steps": 1024, "batch_size": 64, "n_epochs": 20, "_timestamp": 1720626602.5750723, "_runtime": 5.053345203399658, "_step": 0, "_wandb": {"runtime": 4}}