{"mean_reward": 99.83055651999999, "learning_rate": 0.001, "n_steps": 2048, "batch_size": 128, "n_epochs": 20, "_timestamp": 1720689223.8935957, "_runtime": 6.80668568611145, "_step": 0, "_wandb": {"runtime": 6}}