{"mean_reward": 81.5917211, "learning_rate": 0.01, "n_steps": 1024, "batch_size": 96, "n_epochs": 10, "_timestamp": 1720617286.2905092, "_runtime": 4.571805238723755, "_step": 0, "_wandb": {"runtime": 4}}