{"mean_reward": 3.08603446, "learning_rate": 0.1, "n_steps": 2048, "batch_size": 224, "n_epochs": 50, "_timestamp": 1720629226.0009568, "_runtime": 6.01971173286438, "_step": 0, "_wandb": {"runtime": 5}}