{"mean_reward": 105.69041648000001, "learning_rate": 0.01, "n_steps": 3072, "batch_size": 96, "n_epochs": 10, "_timestamp": 1720634672.5598612, "_runtime": 5.146349191665649, "_step": 0, "_wandb": {"runtime": 4}}