{"mean_reward": 72.69360298, "learning_rate": 0.001, "n_steps": 1024, "batch_size": 192, "n_epochs": 50, "_timestamp": 1720619384.2150264, "_runtime": 5.724169492721558, "_step": 0, "_wandb": {"runtime": 5}}