{"mean_reward": 75.65671196, "learning_rate": 0.001, "n_steps": 1024, "batch_size": 128, "n_epochs": 10, "_timestamp": 1720689160.507118, "_runtime": 6.145408868789673, "_step": 0, "_wandb": {"runtime": 5}}