{"mean_reward": 106.76556981999998, "learning_rate": 0.001, "n_steps": 1024, "batch_size": 96, "n_epochs": 50, "_timestamp": 1720688576.11719, "_runtime": 11.707140922546387, "_step": 0, "_wandb": {"runtime": 11}}