{"mean_reward": 69.94799678, "learning_rate": 0.01, "n_steps": 1024, "batch_size": 192, "n_epochs": 10, "_timestamp": 1720628660.8178406, "_runtime": 5.967547655105591, "_step": 0, "_wandb": {"runtime": 5}}