{"mean_reward": 206.44143688000003, "learning_rate": 0.01, "n_steps": 2048, "batch_size": 32, "n_epochs": 20, "_timestamp": 1720633593.009049, "_runtime": 6.123318910598755, "_step": 0, "_wandb": {"runtime": 5}}