{"mean_reward": 75.75979558, "learning_rate": 0.0001, "n_steps": 2048, "batch_size": 128, "n_epochs": 20, "_timestamp": 1720623332.1307497, "_runtime": 5.620311737060547, "_step": 0, "_wandb": {"runtime": 5}}