{"mean_reward": 3.5571388600000002, "learning_rate": 0.1, "n_steps": 3072, "batch_size": 96, "n_epochs": 20, "_timestamp": 1720626760.543773, "_runtime": 5.4045398235321045, "_step": 0, "_wandb": {"runtime": 4}}