{"mean_reward": 101.41335896000002, "learning_rate": 0.001, "n_steps": 2048, "batch_size": 96, "n_epochs": 20, "_timestamp": 1720634835.1397097, "_runtime": 4.593169689178467, "_step": 0, "_wandb": {"runtime": 4}}