{"mean_reward": 108.40742447999999, "learning_rate": 0.01, "n_steps": 3072, "batch_size": 160, "n_epochs": 10, "_timestamp": 1720623596.0068147, "_runtime": 6.889490604400635, "_step": 0, "_wandb": {"runtime": 6}}