{"mean_reward": 107.07471704000001, "learning_rate": 0.01, "n_steps": 3072, "batch_size": 96, "n_epochs": 50, "_timestamp": 1720622596.7909257, "_runtime": 7.004628658294678, "_step": 0, "_wandb": {"runtime": 6}}