{"mean_reward": 169.16351016000002, "learning_rate": 0.001, "n_steps": 3072, "batch_size": 192, "n_epochs": 20, "_timestamp": 1720636484.7656057, "_runtime": 5.255679607391357, "_step": 0, "_wandb": {"runtime": 4}}