{"mean_reward": 84.5695395, "learning_rate": 0.001, "n_steps": 3072, "batch_size": 64, "n_epochs": 10, "_timestamp": 1720622080.4262896, "_runtime": 5.257849454879761, "_step": 0, "_wandb": {"runtime": 4}}