{"mean_reward": 9.960386500000002, "learning_rate": 0.1, "n_steps": 1024, "batch_size": 128, "n_epochs": 50, "_timestamp": 1720635119.4102073, "_runtime": 4.6405463218688965, "_step": 0, "_wandb": {"runtime": 3}}