{"mean_reward": 88.27135514, "learning_rate": 0.0001, "n_steps": 2048, "batch_size": 64, "n_epochs": 10, "_timestamp": 1720617021.0114915, "_runtime": 5.947688579559326, "_step": 0, "_wandb": {"runtime": 5}}