{"mean_reward": 79.40106016, "learning_rate": 0.0001, "n_steps": 2048, "batch_size": 32, "n_epochs": 20, "_timestamp": 1720698708.6323862, "_runtime": 5.619521141052246, "_step": 0, "_wandb": {"runtime": 5}}