{"mean_reward": 5.840658100000001, "learning_rate": 0.1, "n_steps": 2048, "batch_size": 32, "n_epochs": 20, "_timestamp": 1720625435.8425663, "_runtime": 7.903114318847656, "_step": 0, "_wandb": {"runtime": 7}}