{"mean_reward": 55.837201639999996, "learning_rate": 0.01, "n_steps": 1024, "batch_size": 192, "n_epochs": 20, "_timestamp": 1720619188.4962611, "_runtime": 4.347413063049316, "_step": 0, "_wandb": {"runtime": 4}}