{"mean_reward": 187.90592424, "learning_rate": 0.01, "n_steps": 2048, "batch_size": 128, "n_epochs": 10, "_timestamp": 1720627440.100622, "_runtime": 7.388054847717285, "_step": 0, "_wandb": {"runtime": 7}}