{"mean_reward": 99.63810931999998, "learning_rate": 0.001, "n_steps": 3072, "batch_size": 64, "n_epochs": 20, "_timestamp": 1720616936.8743737, "_runtime": 6.789116621017456, "_step": 0, "_wandb": {"runtime": 6}}