{"mean_reward": 203.65848172000005, "learning_rate": 0.001, "n_steps": 3072, "batch_size": 96, "n_epochs": 50, "_timestamp": 1720688621.6315958, "_runtime": 15.565765857696533, "_step": 0, "_wandb": {"runtime": 15}}