{"mean_reward": 42.51639686000001, "learning_rate": 0.01, "n_steps": 3072, "batch_size": 128, "n_epochs": 10, "_timestamp": 1720635194.3736055, "_runtime": 5.176651477813721, "_step": 0, "_wandb": {"runtime": 4}}