{"mean_reward": 222.37180928, "learning_rate": 0.01, "n_steps": 1024, "batch_size": 224, "n_epochs": 50, "_timestamp": 1720629364.9894493, "_runtime": 8.588127374649048, "_step": 0, "_wandb": {"runtime": 8}}