{"mean_reward": 141.23270774000002, "learning_rate": 0.001, "n_steps": 3072, "batch_size": 64, "n_epochs": 50, "_timestamp": 1720611955.339085, "_runtime": 13.310563087463379, "_step": 0, "_wandb": {"runtime": 12}}