{"mean_reward": 66.66770968, "learning_rate": 0.001, "n_steps": 1024, "batch_size": 224, "n_epochs": 10, "_timestamp": 1720614914.383692, "_runtime": 5.470376968383789, "_step": 0, "_wandb": {"runtime": 5}}