{"mean_reward": 0.25529939999999995, "learning_rate": 0.1, "n_steps": 2048, "batch_size": 32, "n_epochs": 50, "_timestamp": 1720702410.045314, "_runtime": 8.16633915901184, "_step": 0, "_wandb": {"runtime": 7}}