{"mean_reward": 82.90597932, "learning_rate": 0.001, "n_steps": 3072, "batch_size": 192, "n_epochs": 10, "_timestamp": 1720624281.4387648, "_runtime": 4.762619733810425, "_step": 0, "_wandb": {"runtime": 4}}