{"mean_reward": 84.75085083999998, "learning_rate": 0.0001, "n_steps": 3072, "batch_size": 32, "n_epochs": 10, "_timestamp": 1720687291.4316761, "_runtime": 9.523548126220703, "_step": 0, "_wandb": {"runtime": 9}}