{"mean_reward": 1.2708663000000002, "learning_rate": 0.1, "n_steps": 2048, "batch_size": 32, "n_epochs": 20, "_timestamp": 1720616033.093356, "_runtime": 7.679738998413086, "_step": 0, "_wandb": {"runtime": 7}}