{"mean_reward": 87.1860886, "learning_rate": 0.001, "n_steps": 2048, "batch_size": 32, "n_epochs": 50, "_timestamp": 1720687209.3262582, "_runtime": 13.640352249145508, "_step": 0, "_wandb": {"runtime": 13}}