{"mean_reward": 128.81414984, "learning_rate": 0.001, "n_steps": 3072, "batch_size": 16, "n_epochs": 50, "_timestamp": 1720698032.8384044, "_runtime": 18.648255348205566, "_step": 0, "_wandb": {"runtime": 18}}