{"mean_reward": 110.55639312000001, "learning_rate": 0.01, "n_steps": 3072, "batch_size": 160, "n_epochs": 10, "_timestamp": 1720689653.8403938, "_runtime": 8.557698726654053, "_step": 0, "_wandb": {"runtime": 8}}