{"mean_reward": 81.51705716000001, "learning_rate": 0.0001, "n_steps": 2048, "batch_size": 160, "n_epochs": 10, "_timestamp": 1720628380.3877497, "_runtime": 5.852109670639038, "_step": 0, "_wandb": {"runtime": 5}}