{"mean_reward": 84.89253392, "learning_rate": 0.0001, "n_steps": 2048, "batch_size": 96, "n_epochs": 20, "_timestamp": 1720617649.4304428, "_runtime": 6.580981731414795, "_step": 0, "_wandb": {"runtime": 6}}