{"mean_reward": 76.67836842, "learning_rate": 0.0001, "n_steps": 2048, "batch_size": 64, "n_epochs": 20, "_timestamp": 1720626614.278914, "_runtime": 5.174845933914185, "_step": 0, "_wandb": {"runtime": 4}}