{"mean_reward": 77.44549380000001, "learning_rate": 0.01, "n_steps": 1024, "batch_size": 32, "n_epochs": 20, "_timestamp": 1720702491.8773398, "_runtime": 5.7617597579956055, "_step": 0, "_wandb": {"runtime": 5}}