{"mean_reward": 75.14771105999999, "learning_rate": 0.001, "n_steps": 1024, "batch_size": 128, "n_epochs": 20, "_timestamp": 1720635350.478024, "_runtime": 4.248225927352905, "_step": 0, "_wandb": {"runtime": 3}}