{"mean_reward": 82.81777528, "learning_rate": 0.0001, "n_steps": 3072, "batch_size": 64, "n_epochs": 10, "_timestamp": 1720687970.2615778, "_runtime": 8.956341743469238, "_step": 0, "_wandb": {"runtime": 8}}