{"mean_reward": 183.19260658000002, "learning_rate": 0.001, "n_steps": 3072, "batch_size": 128, "n_epochs": 20, "_timestamp": 1720623192.3123248, "_runtime": 6.857133865356445, "_step": 0, "_wandb": {"runtime": 6}}