{"mean_reward": 0.27536874, "learning_rate": 0.1, "n_steps": 1024, "batch_size": 96, "n_epochs": 20, "_timestamp": 1720617202.931243, "_runtime": 4.971122980117798, "_step": 0, "_wandb": {"runtime": 4}}