{"mean_reward": 7.055750420000002, "learning_rate": 0.1, "n_steps": 1024, "batch_size": 96, "n_epochs": 10, "_timestamp": 1720634513.0279944, "_runtime": 3.5736024379730225, "_step": 0, "_wandb": {"runtime": 3}}