{"mean_reward": 85.46153376000001, "learning_rate": 0.0001, "n_steps": 3072, "batch_size": 64, "n_epochs": 20, "_timestamp": 1720688028.5784788, "_runtime": 9.818007707595825, "_step": 0, "_wandb": {"runtime": 9}}