{"mean_reward": 87.7973813, "learning_rate": 0.0001, "n_steps": 2048, "batch_size": 32, "n_epochs": 10, "_timestamp": 1720611357.0376716, "_runtime": 6.82401967048645, "_step": 0, "_wandb": {"runtime": 6}}