{"mean_reward": 82.98045771999999, "learning_rate": 0.0001, "n_steps": 3072, "batch_size": 32, "n_epochs": 50, "_timestamp": 1720633943.8619018, "_runtime": 11.572588682174683, "_step": 0, "_wandb": {"runtime": 10}}