{"mean_reward": 76.37095152000002, "learning_rate": 0.001, "n_steps": 3072, "batch_size": 64, "n_epochs": 10, "_timestamp": 1720611820.8076568, "_runtime": 8.482915878295898, "_step": 0, "_wandb": {"runtime": 8}}