{"mean_reward": 5.29089612, "learning_rate": 0.1, "n_steps": 1024, "batch_size": 224, "n_epochs": 10, "_timestamp": 1720614608.4309332, "_runtime": 4.432068347930908, "_step": 0, "_wandb": {"runtime": 4}}