{"mean_reward": 79.6255895, "learning_rate": 0.001, "n_steps": 3072, "batch_size": 96, "n_epochs": 10, "_timestamp": 1720634803.541565, "_runtime": 4.8090128898620605, "_step": 0, "_wandb": {"runtime": 4}}