{"mean_reward": 216.56680030000004, "learning_rate": 0.001, "n_steps": 3072, "batch_size": 224, "n_epochs": 50, "_timestamp": 1720637066.501935, "_runtime": 6.1442790031433105, "_step": 0, "_wandb": {"runtime": 5}}