{"mean_reward": 87.09132116000002, "learning_rate": 0.001, "n_steps": 2048, "batch_size": 32, "n_epochs": 50, "_timestamp": 1720633783.1439164, "_runtime": 8.508313417434692, "_step": 0, "_wandb": {"runtime": 8}}