{"mean_reward": 5.833318640000001, "learning_rate": 0.1, "n_steps": 2048, "batch_size": 128, "n_epochs": 50, "_timestamp": 1720622941.4380958, "_runtime": 4.397425889968872, "_step": 0, "_wandb": {"runtime": 4}}