{"mean_reward": 71.01619956, "learning_rate": 0.01, "n_steps": 1024, "batch_size": 224, "n_epochs": 20, "_timestamp": 1720614810.5016952, "_runtime": 6.7154951095581055, "_step": 0, "_wandb": {"runtime": 6}}