{"mean_reward": 83.54887568, "learning_rate": 0.0001, "n_steps": 1024, "batch_size": 160, "n_epochs": 10, "_timestamp": 1720636001.5411396, "_runtime": 4.1764445304870605, "_step": 0, "_wandb": {"runtime": 3}}