{"mean_reward": 36.42734102, "learning_rate": 0.1, "n_steps": 2048, "batch_size": 64, "n_epochs": 10, "_timestamp": 1720633967.535727, "_runtime": 4.3438849449157715, "_step": 0, "_wandb": {"runtime": 3}}