{"mean_reward": 284.77622066, "std_reward": 1.744184793693965, "width_factor": 0.6, "_timestamp": 1720694247.587363, "_runtime": 22.125668048858643, "_step": 2, "_wandb": {"runtime": 21}}