{"mean_reward": 52.167922819999994, "learning_rate": 0.01, "n_steps": 2048, "batch_size": 224, "n_epochs": 50, "_timestamp": 1720636901.1623938, "_runtime": 4.67796778678894, "_step": 0, "_wandb": {"runtime": 4}}