{"mean_reward": 5.840686099999999, "learning_rate": 0.1, "n_steps": 1024, "batch_size": 224, "n_epochs": 50, "_timestamp": 1720624593.4581873, "_runtime": 3.8525984287261963, "_step": 0, "_wandb": {"runtime": 3}}