{"mean_reward": 83.17425106, "learning_rate": 0.0001, "n_steps": 3072, "batch_size": 32, "n_epochs": 50, "_timestamp": 1720687416.0989785, "_runtime": 17.555643558502197, "_step": 0, "_wandb": {"runtime": 17}}