{"mean_reward": 436.27515508, "std_reward": 1.7140059842075472, "width_factor": 0.6, "_timestamp": 1720700753.6678433, "_runtime": 22.67261242866516, "_step": 2, "_wandb": {"runtime": 22}}