{"mean_reward": 74.07963308000001, "learning_rate": 0.01, "n_steps": 2048, "batch_size": 32, "n_epochs": 50, "_timestamp": 1720616235.8462815, "_runtime": 9.109623432159424, "_step": 0, "_wandb": {"runtime": 8}}