{"mean_reward": 260.17377872, "std_reward": 1.8493351115843433, "width_factor": 0.6, "_timestamp": 1720702239.3426287, "_runtime": 38.359288692474365, "_step": 2, "_wandb": {"runtime": 37}}