{"mean_reward": 82.94605261999999, "learning_rate": 0.0001, "n_steps": 3072, "batch_size": 96, "n_epochs": 10, "_timestamp": 1720634940.5917091, "_runtime": 4.884514093399048, "_step": 0, "_wandb": {"runtime": 4}}