{"mean_reward": 85.8087473, "learning_rate": 0.01, "n_steps": 1024, "batch_size": 96, "n_epochs": 10, "_timestamp": 1720612272.5739317, "_runtime": 5.5631256103515625, "_step": 0, "_wandb": {"runtime": 5}}