{"mean_reward": 3.47130288, "learning_rate": 0.1, "n_steps": 1024, "batch_size": 64, "n_epochs": 20, "_timestamp": 1720633999.0644772, "_runtime": 3.9219563007354736, "_step": 0, "_wandb": {"runtime": 3}}