{"mean_reward": 80.32901932, "learning_rate": 0.001, "n_steps": 1024, "batch_size": 48, "n_epochs": 50, "_timestamp": 1720699149.7855372, "_runtime": 7.249288320541382, "_step": 0, "_wandb": {"runtime": 6}}