{"mean_reward": 79.75882046000001, "std_reward": 2.2557705094229523, "width_factor": 0.6, "_timestamp": 1720694657.6661432, "_runtime": 18.482166290283203, "_step": 2, "_wandb": {"runtime": 17}}