{"mean_reward": 3.58350452, "learning_rate": 0.1, "n_steps": 3072, "batch_size": 64, "n_epochs": 20, "_timestamp": 1720611565.3388717, "_runtime": 5.4168736934661865, "_step": 0, "_wandb": {"runtime": 5}}