{"mean_reward": 82.74438468, "learning_rate": 0.0001, "n_steps": 1024, "batch_size": 64, "n_epochs": 10, "_timestamp": 1720687936.361146, "_runtime": 7.14895486831665, "_step": 0, "_wandb": {"runtime": 6}}