{"mean_reward": 74.71847148, "learning_rate": 0.01, "n_steps": 2048, "batch_size": 96, "n_epochs": 10, "_timestamp": 1720617301.8974662, "_runtime": 5.6608381271362305, "_step": 0, "_wandb": {"runtime": 5}}