{"mean_reward": 78.85976284, "learning_rate": 0.0001, "n_steps": 2048, "batch_size": 128, "n_epochs": 20, "_timestamp": 1720689389.8609288, "_runtime": 6.886505842208862, "_step": 0, "_wandb": {"runtime": 6}}