{"mean_reward": 97.50195092000001, "learning_rate": 0.001, "n_steps": 2048, "batch_size": 64, "n_epochs": 10, "_timestamp": 1720611802.6866717, "_runtime": 7.039262771606445, "_step": 0, "_wandb": {"runtime": 6}}