{"mean_reward": 24.92164256, "learning_rate": 0.1, "n_steps": 2048, "batch_size": 224, "n_epochs": 50, "_timestamp": 1720614731.5786486, "_runtime": 6.732598543167114, "_step": 0, "_wandb": {"runtime": 6}}