{"mean_reward": 63.67882942, "learning_rate": 0.0001, "n_steps": 1024, "batch_size": 64, "n_epochs": 50, "_timestamp": 1720617093.4960501, "_runtime": 6.261289119720459, "_step": 0, "_wandb": {"runtime": 5}}