{"mean_reward": 83.14627417999998, "learning_rate": 0.01, "n_steps": 1024, "batch_size": 160, "n_epochs": 10, "_timestamp": 1720623564.6354935, "_runtime": 5.681283473968506, "_step": 0, "_wandb": {"runtime": 5}}