{"mean_reward": 7.172073260000001, "learning_rate": 0.1, "n_steps": 3072, "batch_size": 64, "n_epochs": 10, "_timestamp": 1720621783.6217606, "_runtime": 6.929635524749756, "_step": 0, "_wandb": {"runtime": 6}}