{"mean_reward": -1.3429335400000002, "learning_rate": 0.1, "n_steps": 3072, "batch_size": 32, "n_epochs": 50, "_timestamp": 1720611011.8878412, "_runtime": 11.822901248931885, "_step": 0, "_wandb": {"runtime": 11}}