{"mean_reward": 27.541948379999994, "learning_rate": 0.1, "n_steps": 3072, "batch_size": 32, "n_epochs": 50, "_timestamp": 1720620555.8642623, "_runtime": 14.883647441864014, "_step": 0, "_wandb": {"runtime": 14}}