{"mean_reward": 111.95933153999998, "learning_rate": 0.001, "n_steps": 2048, "batch_size": 96, "n_epochs": 20, "_timestamp": 1720627040.7871432, "_runtime": 5.00420618057251, "_step": 0, "_wandb": {"runtime": 4}}