{"mean_reward": 92.35422092, "learning_rate": 0.01, "n_steps": 2048, "batch_size": 160, "n_epochs": 20, "_timestamp": 1720618561.215874, "_runtime": 8.666550874710083, "_step": 0, "_wandb": {"runtime": 8}}