{"mean_reward": 85.63945595999999, "learning_rate": 0.0001, "n_steps": 3072, "batch_size": 192, "n_epochs": 20, "_timestamp": 1720636616.4768093, "_runtime": 5.058547258377075, "_step": 0, "_wandb": {"runtime": 4}}