{"mean_reward": 81.93812525999999, "learning_rate": 0.0001, "n_steps": 2048, "batch_size": 16, "n_epochs": 10, "_timestamp": 1720702125.8196027, "_runtime": 5.655759811401367, "_step": 0, "_wandb": {"runtime": 5}}