{"mean_reward": 87.85306226, "learning_rate": 0.0001, "n_steps": 1024, "batch_size": 192, "n_epochs": 10, "_timestamp": 1720619426.7471938, "_runtime": 4.8814308643341064, "_step": 0, "_wandb": {"runtime": 4}}