{"mean_reward": 182.10107519999997, "learning_rate": 0.001, "n_steps": 3072, "batch_size": 160, "n_epochs": 50, "_timestamp": 1720613860.2725787, "_runtime": 9.774413824081421, "_step": 0, "_wandb": {"runtime": 9}}