{"mean_reward": 112.91195171999999, "learning_rate": 0.01, "n_steps": 3072, "batch_size": 64, "n_epochs": 10, "_timestamp": 1720634120.9384856, "_runtime": 5.779831647872925, "_step": 0, "_wandb": {"runtime": 5}}