{"mean_reward": 14.564075339999999, "learning_rate": 0.01, "n_steps": 3072, "batch_size": 48, "n_epochs": 20, "_timestamp": 1720703102.5817194, "_runtime": 5.86415433883667, "_step": 0, "_wandb": {"runtime": 5}}