{"mean_reward": 81.3431925, "learning_rate": 0.0001, "n_steps": 2048, "batch_size": 32, "n_epochs": 20, "_timestamp": 1720702817.4760573, "_runtime": 5.887646198272705, "_step": 0, "_wandb": {"runtime": 5}}