{"mean_reward": 85.39352011999999, "learning_rate": 0.0001, "n_steps": 1024, "batch_size": 160, "n_epochs": 10, "_timestamp": 1720628365.7674563, "_runtime": 6.749288320541382, "_step": 0, "_wandb": {"runtime": 6}}