{"mean_reward": 73.67800524, "learning_rate": 0.0001, "n_steps": 1024, "batch_size": 64, "n_epochs": 10, "_timestamp": 1720626550.872937, "_runtime": 4.767705917358398, "_step": 0, "_wandb": {"runtime": 4}}