{"mean_reward": 3.80209668, "learning_rate": 0.1, "n_steps": 3072, "batch_size": 160, "n_epochs": 10, "_timestamp": 1720627914.3360217, "_runtime": 5.093024730682373, "_step": 0, "_wandb": {"runtime": 4}}