{"mean_reward": 84.22867622, "learning_rate": 0.01, "n_steps": 1024, "batch_size": 48, "n_epochs": 20, "_timestamp": 1720703069.8113759, "_runtime": 4.957242965698242, "_step": 0, "_wandb": {"runtime": 4}}