{"mean_reward": 92.31722574, "learning_rate": 0.001, "n_steps": 1024, "batch_size": 32, "n_epochs": 50, "_timestamp": 1720625837.920588, "_runtime": 14.216844081878662, "_step": 0, "_wandb": {"runtime": 13}}