{"mean_reward": 3.5867058, "learning_rate": 0.1, "n_steps": 3072, "batch_size": 32, "n_epochs": 10, "_timestamp": 1720610912.2134516, "_runtime": 6.4366135597229, "_step": 0, "_wandb": {"runtime": 6}}