{"mean_reward": 158.57580369999997, "learning_rate": 0.001, "n_steps": 2048, "batch_size": 64, "n_epochs": 50, "_timestamp": 1720626519.564157, "_runtime": 9.21222710609436, "_step": 0, "_wandb": {"runtime": 8}}