{"mean_reward": 84.7433098, "learning_rate": 0.0001, "n_steps": 3072, "batch_size": 224, "n_epochs": 10, "_timestamp": 1720637111.536732, "_runtime": 4.835363864898682, "_step": 0, "_wandb": {"runtime": 4}}