{"mean_reward": 81.6682251, "learning_rate": 0.0001, "n_steps": 1024, "batch_size": 128, "n_epochs": 10, "_timestamp": 1720618219.1166546, "_runtime": 4.275203704833984, "_step": 0, "_wandb": {"runtime": 3}}