{"mean_reward": 5.35720858, "learning_rate": 0.1, "n_steps": 2048, "batch_size": 224, "n_epochs": 20, "_timestamp": 1720636725.5142632, "_runtime": 3.5627121925354004, "_step": 0, "_wandb": {"runtime": 3}}