{"mean_reward": 91.5872657, "learning_rate": 0.001, "n_steps": 3072, "batch_size": 64, "n_epochs": 10, "_timestamp": 1720634263.5399518, "_runtime": 5.16119384765625, "_step": 0, "_wandb": {"runtime": 4}}