{"mean_reward": 79.81183097999998, "std_reward": 1.645335501867914, "width_factor": 0.6, "_timestamp": 1720696259.090052, "_runtime": 14.00924277305603, "_step": 2, "_wandb": {"runtime": 13}}