{"mean_reward": 80.81939328, "learning_rate": 0.001, "n_steps": 3072, "batch_size": 96, "n_epochs": 10, "_timestamp": 1720626999.6013505, "_runtime": 4.924168586730957, "_step": 0, "_wandb": {"runtime": 4}}