{"mean_reward": 220.09370198, "learning_rate": 0.01, "n_steps": 2048, "batch_size": 96, "n_epochs": 20, "_timestamp": 1720626888.882092, "_runtime": 7.0671210289001465, "_step": 0, "_wandb": {"runtime": 6}}