{"mean_reward": 9.89128738, "learning_rate": 0.1, "n_steps": 2048, "batch_size": 160, "n_epochs": 50, "_timestamp": 1720689577.9376009, "_runtime": 6.63834285736084, "_step": 0, "_wandb": {"runtime": 6}}