{"mean_reward": 70.88532538, "learning_rate": 0.0001, "n_steps": 1024, "batch_size": 160, "n_epochs": 20, "_timestamp": 1720628412.8847578, "_runtime": 6.293578863143921, "_step": 0, "_wandb": {"runtime": 5}}