{"mean_reward": 77.79621758000002, "learning_rate": 0.0001, "n_steps": 2048, "batch_size": 224, "n_epochs": 20, "_timestamp": 1720624949.6251643, "_runtime": 4.848543167114258, "_step": 0, "_wandb": {"runtime": 4}}