{"mean_reward": 9.273183659999999, "learning_rate": 0.1, "n_steps": 2048, "batch_size": 160, "n_epochs": 10, "_timestamp": 1720627901.333647, "_runtime": 3.655791997909546, "_step": 0, "_wandb": {"runtime": 3}}