{"mean_reward": 82.16273488, "learning_rate": 0.001, "n_steps": 2048, "batch_size": 32, "n_epochs": 20, "_timestamp": 1720621448.6249726, "_runtime": 9.59949254989624, "_step": 0, "_wandb": {"runtime": 9}}