{"mean_reward": 46.0957004, "learning_rate": 0.01, "n_steps": 2048, "batch_size": 96, "n_epochs": 50, "_timestamp": 1720612397.0995338, "_runtime": 8.25090479850769, "_step": 0, "_wandb": {"runtime": 7}}