{"mean_reward": 38.780286780000004, "learning_rate": 0.1, "n_steps": 2048, "batch_size": 48, "n_epochs": 50, "_timestamp": 1720703002.556219, "_runtime": 6.549060106277466, "_step": 0, "_wandb": {"runtime": 6}}