{"mean_reward": 100.28713676000001, "learning_rate": 0.01, "n_steps": 2048, "batch_size": 32, "n_epochs": 10, "_timestamp": 1720686894.7101855, "_runtime": 7.385035514831543, "_step": 0, "_wandb": {"runtime": 6}}