{"mean_reward": 144.25586506, "learning_rate": 0.001, "n_steps": 2048, "batch_size": 64, "n_epochs": 10, "_timestamp": 1720622068.4669032, "_runtime": 4.656790256500244, "_step": 0, "_wandb": {"runtime": 4}}