{"mean_reward": 75.39153293999999, "learning_rate": 0.0001, "n_steps": 3072, "batch_size": 64, "n_epochs": 10, "_timestamp": 1720622221.4987614, "_runtime": 5.152693510055542, "_step": 0, "_wandb": {"runtime": 4}}