{"mean_reward": 82.16273488, "learning_rate": 0.001, "n_steps": 2048, "batch_size": 32, "n_epochs": 20, "_timestamp": 1720625796.2460923, "_runtime": 7.845959424972534, "_step": 0, "_wandb": {"runtime": 7}}