{"mean_reward": 114.05253876, "learning_rate": 0.01, "n_steps": 3072, "batch_size": 64, "n_epochs": 10, "_timestamp": 1720616737.373072, "_runtime": 6.714440822601318, "_step": 0, "_wandb": {"runtime": 6}}