{"mean_reward": 2.6623962800000003, "learning_rate": 0.1, "n_steps": 3072, "batch_size": 16, "n_epochs": 50, "_timestamp": 1720701757.5225213, "_runtime": 21.92659020423889, "_step": 0, "_wandb": {"runtime": 21}}