{"mean_reward": 91.85442278000001, "learning_rate": 0.001, "n_steps": 2048, "batch_size": 48, "n_epochs": 50, "_timestamp": 1720703265.7392063, "_runtime": 6.933401346206665, "_step": 0, "_wandb": {"runtime": 6}}