{"mean_reward": 3.58763622, "learning_rate": 0.1, "n_steps": 2048, "batch_size": 160, "n_epochs": 50, "_timestamp": 1720618466.9647863, "_runtime": 8.920510292053223, "_step": 0, "_wandb": {"runtime": 8}}