{"mean_reward": -1.4231602599999997, "learning_rate": 0.1, "n_steps": 1024, "batch_size": 128, "n_epochs": 20, "_timestamp": 1720688864.0151222, "_runtime": 7.324582099914551, "_step": 0, "_wandb": {"runtime": 7}}