{"mean_reward": 78.15301266, "learning_rate": 0.0001, "n_steps": 3072, "batch_size": 160, "n_epochs": 10, "_timestamp": 1720628397.8145332, "_runtime": 7.801573276519775, "_step": 0, "_wandb": {"runtime": 7}}