{"mean_reward": 7.61622308, "learning_rate": 0.1, "n_steps": 2048, "batch_size": 128, "n_epochs": 20, "_timestamp": 1720688879.9355838, "_runtime": 7.502408742904663, "_step": 0, "_wandb": {"runtime": 7}}