{"mean_reward": 5.844899719999998, "learning_rate": 0.1, "n_steps": 2048, "batch_size": 128, "n_epochs": 20, "_timestamp": 1720617812.3017983, "_runtime": 6.476072311401367, "_step": 0, "_wandb": {"runtime": 6}}