{"mean_reward": 87.77759390000001, "learning_rate": 0.0001, "n_steps": 2048, "batch_size": 192, "n_epochs": 20, "_timestamp": 1720619488.8654666, "_runtime": 5.784056663513184, "_step": 0, "_wandb": {"runtime": 5}}