{"mean_reward": 97.60768424, "learning_rate": 0.001, "n_steps": 3072, "batch_size": 96, "n_epochs": 20, "_timestamp": 1720688554.9964461, "_runtime": 10.700141191482544, "_step": 0, "_wandb": {"runtime": 10}}