{"mean_reward": 78.1448941, "learning_rate": 0.0001, "n_steps": 2048, "batch_size": 64, "n_epochs": 20, "_timestamp": 1720634440.4858015, "_runtime": 4.791688442230225, "_step": 0, "_wandb": {"runtime": 4}}