{"mean_reward": 74.75360252, "learning_rate": 0.0001, "n_steps": 1024, "batch_size": 128, "n_epochs": 50, "_timestamp": 1720635552.0451186, "_runtime": 4.864975452423096, "_step": 0, "_wandb": {"runtime": 4}}