{"mean_reward": 5.12805032, "learning_rate": 0.01, "n_steps": 3072, "batch_size": 16, "n_epochs": 50, "_timestamp": 1720701929.616594, "_runtime": 19.124389171600342, "_step": 0, "_wandb": {"runtime": 18}}