{"mean_reward": 1.6925611199999997, "learning_rate": 0.1, "n_steps": 3072, "batch_size": 32, "n_epochs": 50, "_timestamp": 1720633496.122899, "_runtime": 10.67433214187622, "_step": 0, "_wandb": {"runtime": 10}}