{"mean_reward": 80.48404798, "learning_rate": 0.0001, "n_steps": 3072, "batch_size": 32, "n_epochs": 50, "_timestamp": 1720698782.7854037, "_runtime": 11.381664752960205, "_step": 0, "_wandb": {"runtime": 11}}