{"mean_reward": 222.62691812000006, "learning_rate": 0.01, "n_steps": 2048, "batch_size": 64, "n_epochs": 20, "_timestamp": 1720634152.944743, "_runtime": 5.896119832992554, "_step": 0, "_wandb": {"runtime": 5}}