{"mean_reward": 120.49906070000002, "learning_rate": 0.0001, "n_steps": 2048, "batch_size": 96, "n_epochs": 20, "_timestamp": 1720612699.4503727, "_runtime": 7.200687646865845, "_step": 0, "_wandb": {"runtime": 6}}