{"mean_reward": 89.37197530000002, "learning_rate": 0.0001, "n_steps": 3072, "batch_size": 96, "n_epochs": 50, "_timestamp": 1720617727.1483023, "_runtime": 11.10251235961914, "_step": 0, "_wandb": {"runtime": 10}}