{"mean_reward": 129.78697974, "learning_rate": 0.001, "n_steps": 2048, "batch_size": 48, "n_epochs": 10, "_timestamp": 1720703174.9866543, "_runtime": 4.814748287200928, "_step": 0, "_wandb": {"runtime": 4}}