{"mean_reward": 89.87714938, "learning_rate": 0.001, "n_steps": 3072, "batch_size": 32, "n_epochs": 10, "_timestamp": 1720687090.654323, "_runtime": 10.254364013671875, "_step": 0, "_wandb": {"runtime": 9}}