{"mean_reward": 1.7242158600000002, "learning_rate": 0.1, "n_steps": 2048, "batch_size": 160, "n_epochs": 20, "_timestamp": 1720627951.1214101, "_runtime": 5.472215175628662, "_step": 0, "_wandb": {"runtime": 5}}