{"mean_reward": 110.94686618000001, "learning_rate": 0.01, "n_steps": 2048, "batch_size": 96, "n_epochs": 20, "_timestamp": 1720617356.6076705, "_runtime": 7.556635618209839, "_step": 0, "_wandb": {"runtime": 7}}