{"mean_reward": 75.0503989, "learning_rate": 0.0001, "n_steps": 1024, "batch_size": 16, "n_epochs": 10, "_timestamp": 1720702114.2908244, "_runtime": 5.436914443969727, "_step": 0, "_wandb": {"runtime": 5}}