{"mean_reward": 76.40148834, "learning_rate": 0.001, "n_steps": 2048, "batch_size": 96, "n_epochs": 10, "_timestamp": 1720612459.0079558, "_runtime": 7.157347679138184, "_step": 0, "_wandb": {"runtime": 6}}