{"mean_reward": 79.51153822, "learning_rate": 0.0001, "n_steps": 2048, "batch_size": 32, "n_epochs": 20, "_timestamp": 1720621643.5442362, "_runtime": 8.649900197982788, "_step": 0, "_wandb": {"runtime": 8}}