{"mean_reward": 85.97873289999998, "learning_rate": 0.0001, "n_steps": 2048, "batch_size": 160, "n_epochs": 10, "_timestamp": 1720636015.280064, "_runtime": 6.320356130599976, "_step": 0, "_wandb": {"runtime": 3}}