{"mean_reward": 99.38418806, "learning_rate": 0.001, "n_steps": 3072, "batch_size": 96, "n_epochs": 20, "_timestamp": 1720612534.956, "_runtime": 10.602270126342773, "_step": 0, "_wandb": {"runtime": 10}}