{"mean_reward": 239.32313622, "learning_rate": 0.001, "n_steps": 3072, "batch_size": 224, "n_epochs": 50, "_timestamp": 1720624885.2935908, "_runtime": 7.466144800186157, "_step": 0, "_wandb": {"runtime": 7}}