{"mean_reward": 0.26165866, "learning_rate": 0.1, "n_steps": 2048, "batch_size": 32, "n_epochs": 20, "_timestamp": 1720686749.853569, "_runtime": 7.402622938156128, "_step": 0, "_wandb": {"runtime": 7}}