{"mean_reward": 80.07839828000002, "learning_rate": 0.001, "n_steps": 2048, "batch_size": 192, "n_epochs": 20, "_timestamp": 1720619353.7591734, "_runtime": 5.445457458496094, "_step": 0, "_wandb": {"runtime": 5}}