{"mean_reward": 45.605926679999996, "learning_rate": 0.1, "n_steps": 3072, "batch_size": 160, "n_epochs": 10, "_timestamp": 1720618390.0598016, "_runtime": 6.233274459838867, "_step": 0, "_wandb": {"runtime": 5}}