{"mean_reward": 100.20313682, "learning_rate": 0.01, "n_steps": 2048, "batch_size": 32, "n_epochs": 10, "_timestamp": 1720633544.3671637, "_runtime": 4.860018730163574, "_step": 0, "_wandb": {"runtime": 4}}