{"mean_reward": 30.8610999, "learning_rate": 0.1, "n_steps": 1024, "batch_size": 64, "n_epochs": 20, "_timestamp": 1720616614.2444098, "_runtime": 4.427100896835327, "_step": 0, "_wandb": {"runtime": 4}}