{"mean_reward": 3.55512924, "learning_rate": 0.01, "n_steps": 2048, "batch_size": 32, "n_epochs": 50, "_timestamp": 1720702573.2891002, "_runtime": 8.19320821762085, "_step": 0, "_wandb": {"runtime": 7}}