{"mean_reward": 5.29874392, "learning_rate": 0.1, "n_steps": 1024, "batch_size": 128, "n_epochs": 20, "_timestamp": 1720622894.43795, "_runtime": 3.516235828399658, "_step": 0, "_wandb": {"runtime": 3}}