{"mean_reward": 3.63541622, "learning_rate": 0.1, "n_steps": 2048, "batch_size": 96, "n_epochs": 20, "_timestamp": 1720634570.9821696, "_runtime": 3.7369115352630615, "_step": 0, "_wandb": {"runtime": 4}}