{"mean_reward": 103.57705088, "learning_rate": 0.001, "n_steps": 2048, "batch_size": 160, "n_epochs": 20, "_timestamp": 1720635925.3860803, "_runtime": 6.264432191848755, "_step": 0, "_wandb": {"runtime": 5}}