{"mean_reward": 87.53270132, "learning_rate": 0.01, "n_steps": 3072, "batch_size": 64, "n_epochs": 50, "_timestamp": 1720626385.0978682, "_runtime": 9.047898292541504, "_step": 0, "_wandb": {"runtime": 8}}