{"mean_reward": 94.35999616, "learning_rate": 0.001, "n_steps": 3072, "batch_size": 128, "n_epochs": 20, "_timestamp": 1720613209.0482993, "_runtime": 9.17676830291748, "_step": 0, "_wandb": {"runtime": 8}}