{"mean_reward": 75.17886254, "learning_rate": 0.0001, "n_steps": 1024, "batch_size": 96, "n_epochs": 50, "_timestamp": 1720634999.3880842, "_runtime": 5.362602233886719, "_step": 0, "_wandb": {"runtime": 5}}