{"mean_reward": 516.0789538600001, "learning_rate": 0.01, "n_steps": 1024, "batch_size": 128, "n_epochs": 50, "_timestamp": 1720635263.8699496, "_runtime": 11.505334615707397, "_step": 0, "_wandb": {"runtime": 11}}