{"mean_reward": 80.4784952, "learning_rate": 0.001, "n_steps": 3072, "batch_size": 224, "n_epochs": 10, "_timestamp": 1720636969.6413386, "_runtime": 4.560312509536743, "_step": 0, "_wandb": {"runtime": 4}}