{"mean_reward": 5.30209468, "learning_rate": 0.1, "n_steps": 3072, "batch_size": 96, "n_epochs": 20, "_timestamp": 1720617229.7609127, "_runtime": 5.939756631851196, "_step": 0, "_wandb": {"runtime": 5}}