{"mean_reward": 126.62305028, "learning_rate": 0.001, "n_steps": 1024, "batch_size": 160, "n_epochs": 50, "_timestamp": 1720613827.4395592, "_runtime": 8.289233207702637, "_step": 0, "_wandb": {"runtime": 7}}