{"mean_reward": 76.15435418, "learning_rate": 0.01, "n_steps": 2048, "batch_size": 160, "n_epochs": 50, "_timestamp": 1720613685.8539703, "_runtime": 7.786851406097412, "_step": 0, "_wandb": {"runtime": 7}}