{"mean_reward": 83.34168189999998, "learning_rate": 0.01, "n_steps": 3072, "batch_size": 224, "n_epochs": 20, "_timestamp": 1720619787.3647218, "_runtime": 6.377392768859863, "_step": 0, "_wandb": {"runtime": 6}}