{"mean_reward": 74.5774135, "learning_rate": 0.0001, "n_steps": 1024, "batch_size": 128, "n_epochs": 50, "_timestamp": 1720689421.8772995, "_runtime": 7.712395429611206, "_step": 0, "_wandb": {"runtime": 7}}