{"mean_reward": 95.68207254000001, "learning_rate": 0.0001, "n_steps": 2048, "batch_size": 224, "n_epochs": 10, "_timestamp": 1720637090.552739, "_runtime": 4.249428987503052, "_step": 0, "_wandb": {"runtime": 3}}