{"mean_reward": 436.27515508, "std_reward": 1.7140059842075472, "width_factor": 0.6, "_timestamp": 1720701543.0550642, "_runtime": 23.701436281204224, "_step": 2, "_wandb": {"runtime": 23}}