{"mean_reward": 89.67923118, "learning_rate": 0.0001, "n_steps": 1024, "batch_size": 160, "n_epochs": 10, "_timestamp": 1720618832.831176, "_runtime": 6.5481791496276855, "_step": 0, "_wandb": {"runtime": 6}}