{"mean_reward": 165.56113974000004, "learning_rate": 0.001, "n_steps": 3072, "batch_size": 48, "n_epochs": 50, "_timestamp": 1720703284.4976995, "_runtime": 10.243560552597046, "_step": 0, "_wandb": {"runtime": 9}}