{"mean_reward": 151.97272584, "learning_rate": 0.001, "n_steps": 3072, "batch_size": 64, "n_epochs": 50, "_timestamp": 1720622177.7411678, "_runtime": 8.611450672149658, "_step": 0, "_wandb": {"runtime": 8}}