{"mean_reward": 88.68583792000001, "learning_rate": 0.001, "n_steps": 2048, "batch_size": 32, "n_epochs": 10, "_timestamp": 1720702621.6808813, "_runtime": 4.85584020614624, "_step": 0, "_wandb": {"runtime": 4}}