{"mean_reward": 72.78470954000001, "learning_rate": 0.0001, "n_steps": 1024, "batch_size": 224, "n_epochs": 50, "_timestamp": 1720637174.515369, "_runtime": 4.516743898391724, "_step": 0, "_wandb": {"runtime": 4}}