{"mean_reward": 69.27027136000001, "learning_rate": 0.1, "n_steps": 3072, "batch_size": 192, "n_epochs": 20, "_timestamp": 1720636198.3051505, "_runtime": 4.764126539230347, "_step": 0, "_wandb": {"runtime": 4}}