{"mean_reward": 91.42503102, "learning_rate": 0.001, "n_steps": 1024, "batch_size": 48, "n_epochs": 20, "_timestamp": 1720703207.2556427, "_runtime": 5.228630542755127, "_step": 0, "_wandb": {"runtime": 4}}