{"mean_reward": 76.09452178000001, "learning_rate": 0.001, "n_steps": 1024, "batch_size": 32, "n_epochs": 10, "_timestamp": 1720687057.2881153, "_runtime": 7.481815338134766, "_step": 0, "_wandb": {"runtime": 7}}