{"mean_reward": 85.20823745999998, "learning_rate": 0.001, "n_steps": 3072, "batch_size": 64, "n_epochs": 10, "_timestamp": 1720616888.8308725, "_runtime": 6.0841405391693115, "_step": 0, "_wandb": {"runtime": 5}}