{"mean_reward": 83.34132636, "learning_rate": 0.0001, "n_steps": 3072, "batch_size": 96, "n_epochs": 50, "_timestamp": 1720688791.553235, "_runtime": 12.731591939926147, "_step": 0, "_wandb": {"runtime": 12}}