{"mean_reward": 93.15133020000002, "learning_rate": 0.0001, "n_steps": 2048, "batch_size": 96, "n_epochs": 50, "_timestamp": 1720635014.5466049, "_runtime": 5.9001898765563965, "_step": 0, "_wandb": {"runtime": 5}}