{"mean_reward": 104.76249802000001, "learning_rate": 0.01, "n_steps": 2048, "batch_size": 96, "n_epochs": 20, "_timestamp": 1720634697.9406488, "_runtime": 4.617048740386963, "_step": 0, "_wandb": {"runtime": 4}}