{"mean_reward": 150.61820631999998, "learning_rate": 0.01, "n_steps": 2048, "batch_size": 192, "n_epochs": 50, "_timestamp": 1720619263.0224547, "_runtime": 6.791280746459961, "_step": 0, "_wandb": {"runtime": 6}}