{"mean_reward": 76.58919144000001, "learning_rate": 0.01, "n_steps": 3072, "batch_size": 224, "n_epochs": 10, "_timestamp": 1720619734.3353143, "_runtime": 6.361892223358154, "_step": 0, "_wandb": {"runtime": 6}}