{"mean_reward": 228.44472894000003, "learning_rate": 0.001, "n_steps": 2048, "batch_size": 192, "n_epochs": 50, "_timestamp": 1720624361.564428, "_runtime": 5.340795040130615, "_step": 0, "_wandb": {"runtime": 5}}