{"mean_reward": 7.93764426, "learning_rate": 0.1, "n_steps": 2048, "batch_size": 192, "n_epochs": 50, "_timestamp": 1720624074.362356, "_runtime": 4.39910888671875, "_step": 0, "_wandb": {"runtime": 3}}