{"mean_reward": 93.24923924000001, "learning_rate": 0.001, "n_steps": 2048, "batch_size": 224, "n_epochs": 20, "_timestamp": 1720637000.8919103, "_runtime": 4.110953330993652, "_step": 0, "_wandb": {"runtime": 3}}