{"mean_reward": 38.30579164, "learning_rate": 0.01, "n_steps": 2048, "batch_size": 32, "n_epochs": 50, "_timestamp": 1720625678.0339324, "_runtime": 13.614657402038574, "_step": 0, "_wandb": {"runtime": 13}}