{"mean_reward": 239.07975499999998, "learning_rate": 0.01, "n_steps": 2048, "batch_size": 160, "n_epochs": 10, "_timestamp": 1720635745.1197457, "_runtime": 4.993520736694336, "_step": 0, "_wandb": {"runtime": 4}}