{"mean_reward": 131.11272874, "learning_rate": 0.01, "n_steps": 3072, "batch_size": 96, "n_epochs": 50, "_timestamp": 1720634763.7882383, "_runtime": 7.22366738319397, "_step": 0, "_wandb": {"runtime": 6}}