{"mean_reward": 226.01943854, "learning_rate": 0.01, "n_steps": 2048, "batch_size": 224, "n_epochs": 50, "_timestamp": 1720629383.2764447, "_runtime": 9.693292617797852, "_step": 0, "_wandb": {"runtime": 8}}