{"mean_reward": 154.07047574, "learning_rate": 0.001, "n_steps": 2048, "batch_size": 128, "n_epochs": 50, "_timestamp": 1720627708.4163735, "_runtime": 8.772741556167603, "_step": 0, "_wandb": {"runtime": 8}}