{"mean_reward": 74.20971170000001, "learning_rate": 0.0001, "n_steps": 1024, "batch_size": 160, "n_epochs": 20, "_timestamp": 1720636039.168621, "_runtime": 4.172489166259766, "_step": 0, "_wandb": {"runtime": 3}}