{"mean_reward": 97.40367874000002, "learning_rate": 0.001, "n_steps": 2048, "batch_size": 224, "n_epochs": 10, "_timestamp": 1720614930.6834087, "_runtime": 6.28741979598999, "_step": 0, "_wandb": {"runtime": 6}}