{"mean_reward": 1.6899042599999998, "learning_rate": 0.1, "n_steps": 3072, "batch_size": 32, "n_epochs": 10, "_timestamp": 1720702324.3244941, "_runtime": 5.3113720417022705, "_step": 0, "_wandb": {"runtime": 4}}