{"mean_reward": 74.40331199999999, "learning_rate": 0.001, "n_steps": 1024, "batch_size": 32, "n_epochs": 10, "_timestamp": 1720621368.7250073, "_runtime": 7.518946409225464, "_step": 0, "_wandb": {"runtime": 7}}