{"mean_reward": 69.06489472000001, "learning_rate": 0.1, "n_steps": 2048, "batch_size": 96, "n_epochs": 10, "_timestamp": 1720626701.3868787, "_runtime": 4.485981702804565, "_step": 0, "_wandb": {"runtime": 3}}