{"mean_reward": 137.35456248, "learning_rate": 0.01, "n_steps": 2048, "batch_size": 192, "n_epochs": 50, "_timestamp": 1720636372.3203056, "_runtime": 5.163162469863892, "_step": 0, "_wandb": {"runtime": 4}}