{"mean_reward": 81.32181436, "learning_rate": 0.0001, "n_steps": 2048, "batch_size": 32, "n_epochs": 50, "_timestamp": 1720621705.722418, "_runtime": 13.724123001098633, "_step": 0, "_wandb": {"runtime": 13}}