{"mean_reward": 5.498477880000001, "learning_rate": 0.01, "n_steps": 3072, "batch_size": 16, "n_epochs": 10, "_timestamp": 1720701812.471367, "_runtime": 6.445704936981201, "_step": 0, "_wandb": {"runtime": 6}}