{"mean_reward": 81.07922414, "learning_rate": 0.0001, "n_steps": 2048, "batch_size": 96, "n_epochs": 50, "_timestamp": 1720627252.7198822, "_runtime": 6.672868251800537, "_step": 0, "_wandb": {"runtime": 6}}