{"mean_reward": 84.5695395, "learning_rate": 0.001, "n_steps": 3072, "batch_size": 64, "n_epochs": 10, "_timestamp": 1720626436.6443238, "_runtime": 7.711291790008545, "_step": 0, "_wandb": {"runtime": 7}}