{"mean_reward": 18.4313215, "learning_rate": 0.01, "n_steps": 1024, "batch_size": 48, "n_epochs": 20, "_timestamp": 1720698966.3639042, "_runtime": 4.434717178344727, "_step": 0, "_wandb": {"runtime": 4}}