{"mean_reward": 82.15531856, "learning_rate": 0.0001, "n_steps": 3072, "batch_size": 96, "n_epochs": 10, "_timestamp": 1720617618.3791697, "_runtime": 6.853824615478516, "_step": 0, "_wandb": {"runtime": 6}}