{"mean_reward": 51.79464856, "learning_rate": 0.01, "n_steps": 3072, "batch_size": 32, "n_epochs": 50, "_timestamp": 1720633660.4482284, "_runtime": 11.278541326522827, "_step": 0, "_wandb": {"runtime": 10}}