{"mean_reward": 73.20017946000002, "learning_rate": 0.001, "n_steps": 1024, "batch_size": 160, "n_epochs": 10, "_timestamp": 1720635864.7230809, "_runtime": 3.788552761077881, "_step": 0, "_wandb": {"runtime": 3}}