{"mean_reward": 537.8794024, "std_reward": 0.5501173618564936, "width_factor": 0.6, "_timestamp": 1720690083.795788, "_runtime": 51.03684115409851, "_step": 2, "_wandb": {"runtime": 50}}