{"mean_reward": 260.17377872, "std_reward": 1.8493351115843433, "width_factor": 0.6, "_timestamp": 1720702053.4498024, "_runtime": 35.22864246368408, "_step": 2, "_wandb": {"runtime": 34}}