{"mean_reward": 83.92909479999999, "learning_rate": 0.001, "n_steps": 2048, "batch_size": 192, "n_epochs": 10, "_timestamp": 1720619314.1600022, "_runtime": 5.45841121673584, "_step": 0, "_wandb": {"runtime": 5}}