{"mean_reward": 117.24656428000002, "learning_rate": 0.01, "n_steps": 3072, "batch_size": 32, "n_epochs": 10, "_timestamp": 1720616161.4018, "_runtime": 7.576195001602173, "_step": 0, "_wandb": {"runtime": 7}}