{"mean_reward": 77.69379862, "learning_rate": 0.0001, "n_steps": 3072, "batch_size": 32, "n_epochs": 50, "_timestamp": 1720611472.9926631, "_runtime": 12.180629253387451, "_step": 0, "_wandb": {"runtime": 11}}