{"mean_reward": 13.874100080000003, "learning_rate": 0.1, "n_steps": 3072, "batch_size": 128, "n_epochs": 50, "_timestamp": 1720622954.3249445, "_runtime": 5.940005540847778, "_step": 0, "_wandb": {"runtime": 5}}