{"mean_reward": 9.955165039999999, "learning_rate": 0.1, "n_steps": 2048, "batch_size": 160, "n_epochs": 10, "_timestamp": 1720689481.868151, "_runtime": 5.1549859046936035, "_step": 0, "_wandb": {"runtime": 4}}