{"mean_reward": 78.15301266, "learning_rate": 0.0001, "n_steps": 3072, "batch_size": 160, "n_epochs": 10, "_timestamp": 1720623879.5055497, "_runtime": 4.8212995529174805, "_step": 0, "_wandb": {"runtime": 4}}