{"mean_reward": 1.7061715800000001, "learning_rate": 0.1, "n_steps": 1024, "batch_size": 32, "n_epochs": 20, "_timestamp": 1720616016.7718525, "_runtime": 6.909464597702026, "_step": 0, "_wandb": {"runtime": 6}}