{"mean_reward": 83.5405713, "learning_rate": 0.01, "n_steps": 3072, "batch_size": 192, "n_epochs": 20, "_timestamp": 1720619231.6641374, "_runtime": 6.4921252727508545, "_step": 0, "_wandb": {"runtime": 6}}