{"mean_reward": 260.17377872, "std_reward": 1.8493351115843433, "width_factor": 0.6, "_timestamp": 1720701702.781674, "_runtime": 35.75148391723633, "_step": 2, "_wandb": {"runtime": 35}}