{"mean_reward": 81.07922414, "learning_rate": 0.0001, "n_steps": 2048, "batch_size": 96, "n_epochs": 50, "_timestamp": 1720622836.9536848, "_runtime": 5.504260778427124, "_step": 0, "_wandb": {"runtime": 5}}