{"mean_reward": 74.22508704, "learning_rate": 0.001, "n_steps": 1024, "batch_size": 64, "n_epochs": 10, "_timestamp": 1720626397.7182677, "_runtime": 5.030746698379517, "_step": 0, "_wandb": {"runtime": 4}}