{"mean_reward": 130.69778981999997, "learning_rate": 0.001, "n_steps": 3072, "batch_size": 64, "n_epochs": 20, "_timestamp": 1720626485.4713585, "_runtime": 9.124359607696533, "_step": 0, "_wandb": {"runtime": 8}}