{"mean_reward": 3.08353092, "learning_rate": 0.1, "n_steps": 1024, "batch_size": 160, "n_epochs": 50, "_timestamp": 1720627983.3470984, "_runtime": 6.33212423324585, "_step": 0, "_wandb": {"runtime": 5}}