{"mean_reward": 79.6059133, "std_reward": 1.9832716442863823, "width_factor": 0.6, "_timestamp": 1720694799.3683696, "_runtime": 19.68133568763733, "_step": 2, "_wandb": {"runtime": 17}}