{"mean_reward": 73.00766262, "learning_rate": 0.001, "n_steps": 1024, "batch_size": 192, "n_epochs": 20, "_timestamp": 1720628881.1272073, "_runtime": 6.36976432800293, "_step": 0, "_wandb": {"runtime": 6}}