{"mean_reward": 92.45237428, "learning_rate": 0.0001, "n_steps": 3072, "batch_size": 96, "n_epochs": 50, "_timestamp": 1720612788.3368177, "_runtime": 12.343003749847412, "_step": 0, "_wandb": {"runtime": 11}}