{"mean_reward": 95.61319590000002, "learning_rate": 0.001, "n_steps": 2048, "batch_size": 64, "n_epochs": 10, "_timestamp": 1720634251.4721262, "_runtime": 4.38735818862915, "_step": 0, "_wandb": {"runtime": 4}}