{"mean_reward": 74.38052113999998, "learning_rate": 0.0001, "n_steps": 1024, "batch_size": 32, "n_epochs": 50, "_timestamp": 1720633908.7403393, "_runtime": 8.274676322937012, "_step": 0, "_wandb": {"runtime": 7}}