{"mean_reward": 76.50711048, "learning_rate": 0.0001, "n_steps": 3072, "batch_size": 96, "n_epochs": 50, "_timestamp": 1720627268.641613, "_runtime": 7.037326097488403, "_step": 0, "_wandb": {"runtime": 6}}