{"mean_reward": 1.70179014, "learning_rate": 0.1, "n_steps": 3072, "batch_size": 128, "n_epochs": 20, "_timestamp": 1720688896.9511774, "_runtime": 8.700851440429688, "_step": 0, "_wandb": {"runtime": 8}}