{"mean_reward": 130.69778981999997, "learning_rate": 0.001, "n_steps": 3072, "batch_size": 64, "n_epochs": 20, "_timestamp": 1720622127.57847, "_runtime": 6.177695035934448, "_step": 0, "_wandb": {"runtime": 5}}