{"mean_reward": 26.73447906, "learning_rate": 0.1, "n_steps": 3072, "batch_size": 128, "n_epochs": 10, "_timestamp": 1720622884.1335976, "_runtime": 4.602399587631226, "_step": 0, "_wandb": {"runtime": 4}}