{"mean_reward": 3.0882292000000002, "learning_rate": 0.1, "n_steps": 1024, "batch_size": 16, "n_epochs": 10, "_timestamp": 1720701597.035521, "_runtime": 8.637773036956787, "_step": 0, "_wandb": {"runtime": 5}}