{"mean_reward": 104.89713164000001, "learning_rate": 0.01, "n_steps": 2048, "batch_size": 96, "n_epochs": 20, "_timestamp": 1720688354.9238312, "_runtime": 9.188254117965698, "_step": 0, "_wandb": {"runtime": 8}}