{"mean_reward": 260.17377872, "std_reward": 1.8493351115843433, "width_factor": 0.6, "_timestamp": 1720701780.6482747, "_runtime": 40.418837547302246, "_step": 2, "_wandb": {"runtime": 40}}