{"mean_reward": 87.96292334, "learning_rate": 0.0001, "n_steps": 3072, "batch_size": 128, "n_epochs": 20, "_timestamp": 1720635541.1531637, "_runtime": 5.276992559432983, "_step": 0, "_wandb": {"runtime": 4}}