{"mean_reward": 82.55122154, "learning_rate": 0.0001, "n_steps": 3072, "batch_size": 224, "n_epochs": 10, "_timestamp": 1720615094.2468271, "_runtime": 7.051718235015869, "_step": 0, "_wandb": {"runtime": 6}}