{"mean_reward": 71.37884688, "learning_rate": 0.0001, "n_steps": 1024, "batch_size": 48, "n_epochs": 20, "_timestamp": 1720699232.1627996, "_runtime": 5.18705153465271, "_step": 0, "_wandb": {"runtime": 4}}