{"mean_reward": 116.63185505999999, "learning_rate": 0.001, "n_steps": 2048, "batch_size": 192, "n_epochs": 20, "_timestamp": 1720628897.1988485, "_runtime": 6.888190507888794, "_step": 0, "_wandb": {"runtime": 6}}