{"mean_reward": 150.54931252, "learning_rate": 0.001, "n_steps": 2048, "batch_size": 224, "n_epochs": 20, "_timestamp": 1720624824.1403584, "_runtime": 4.592135429382324, "_step": 0, "_wandb": {"runtime": 4}}