{"mean_reward": 2.5887821000000004, "learning_rate": 0.1, "n_steps": 3072, "batch_size": 16, "n_epochs": 20, "_timestamp": 1720701683.5214906, "_runtime": 10.945252656936646, "_step": 0, "_wandb": {"runtime": 10}}