{"mean_reward": 75.42705468, "learning_rate": 0.001, "n_steps": 3072, "batch_size": 32, "n_epochs": 20, "_timestamp": 1720611270.023717, "_runtime": 8.375015020370483, "_step": 0, "_wandb": {"runtime": 8}}