{"mean_reward": 30.599613859999998, "learning_rate": 0.01, "n_steps": 3072, "batch_size": 64, "n_epochs": 20, "_timestamp": 1720634168.333074, "_runtime": 5.677683115005493, "_step": 0, "_wandb": {"runtime": 5}}