{"mean_reward": 90.57000945999998, "learning_rate": 0.001, "n_steps": 2048, "batch_size": 16, "n_epochs": 50, "_timestamp": 1720698005.1822295, "_runtime": 12.64946961402893, "_step": 0, "_wandb": {"runtime": 12}}