{"mean_reward": 68.15819132, "learning_rate": 0.01, "n_steps": 3072, "batch_size": 224, "n_epochs": 50, "_timestamp": 1720614901.5739732, "_runtime": 8.126797199249268, "_step": 0, "_wandb": {"runtime": 7}}