{"mean_reward": 84.00489114, "learning_rate": 0.0001, "n_steps": 2048, "batch_size": 128, "n_epochs": 10, "_timestamp": 1720635467.2022839, "_runtime": 4.423196792602539, "_step": 0, "_wandb": {"runtime": 3}}