{"mean_reward": 7.36809164, "learning_rate": 0.1, "n_steps": 3072, "batch_size": 192, "n_epochs": 10, "_timestamp": 1720636155.2551267, "_runtime": 4.226004600524902, "_step": 0, "_wandb": {"runtime": 3}}