{"mean_reward": 62.500368359999996, "learning_rate": 0.01, "n_steps": 3072, "batch_size": 32, "n_epochs": 50, "_timestamp": 1720625705.2178733, "_runtime": 19.11480736732483, "_step": 0, "_wandb": {"runtime": 18}}