{"mean_reward": 9.23030118, "learning_rate": 0.1, "n_steps": 1024, "batch_size": 160, "n_epochs": 10, "_timestamp": 1720635591.3841147, "_runtime": 3.6524486541748047, "_step": 0, "_wandb": {"runtime": 3}}