{"mean_reward": 88.82614418000001, "learning_rate": 0.01, "n_steps": 3072, "batch_size": 128, "n_epochs": 10, "_timestamp": 1720617941.5131092, "_runtime": 9.22587513923645, "_step": 0, "_wandb": {"runtime": 8}}