{"mean_reward": 9.861956020000001, "learning_rate": 0.1, "n_steps": 3072, "batch_size": 160, "n_epochs": 10, "_timestamp": 1720635624.3012657, "_runtime": 4.223326683044434, "_step": 0, "_wandb": {"runtime": 3}}