{"mean_reward": 3.1294598199999997, "learning_rate": 0.1, "n_steps": 1024, "batch_size": 96, "n_epochs": 50, "_timestamp": 1720688211.624714, "_runtime": 9.587102890014648, "_step": 0, "_wandb": {"runtime": 9}}