{"mean_reward": 81.8119647, "learning_rate": 0.0001, "n_steps": 2048, "batch_size": 32, "n_epochs": 20, "_timestamp": 1720687327.6587892, "_runtime": 8.997627258300781, "_step": 0, "_wandb": {"runtime": 8}}