{"mean_reward": 80.03172486, "learning_rate": 0.0001, "n_steps": 3072, "batch_size": 128, "n_epochs": 20, "_timestamp": 1720618299.1255906, "_runtime": 6.181316614151001, "_step": 0, "_wandb": {"runtime": 5}}