{"mean_reward": 73.95314544000001, "learning_rate": 0.0001, "n_steps": 1024, "batch_size": 32, "n_epochs": 20, "_timestamp": 1720702796.7111216, "_runtime": 5.633392572402954, "_step": 0, "_wandb": {"runtime": 5}}