{"mean_reward": 31.99085956, "std_reward": 2.7484451827401335, "width_factor": 0.1, "_timestamp": 1720689955.900587, "_runtime": 9.910452127456665, "_step": 1}