{"mean_reward": 75.85373144, "learning_rate": 0.0001, "n_steps": 1024, "batch_size": 192, "n_epochs": 50, "_timestamp": 1720619520.1611366, "_runtime": 6.059601545333862, "_step": 0, "_wandb": {"runtime": 5}}