{"mean_reward": 1.62277584, "learning_rate": 0.1, "n_steps": 3072, "batch_size": 64, "n_epochs": 20, "_timestamp": 1720616647.9405026, "_runtime": 6.391063690185547, "_step": 0, "_wandb": {"runtime": 5}}