{"mean_reward": 71.08481396, "learning_rate": 0.01, "n_steps": 2048, "batch_size": 192, "n_epochs": 20, "_timestamp": 1720619209.866295, "_runtime": 5.147694110870361, "_step": 0, "_wandb": {"runtime": 4}}