{"mean_reward": 75.50806932, "learning_rate": 0.001, "n_steps": 3072, "batch_size": 160, "n_epochs": 10, "_timestamp": 1720628245.904233, "_runtime": 7.333730936050415, "_step": 0, "_wandb": {"runtime": 7}}