{"mean_reward": 76.50711048, "learning_rate": 0.0001, "n_steps": 3072, "batch_size": 96, "n_epochs": 50, "_timestamp": 1720622850.0692341, "_runtime": 7.14140510559082, "_step": 0, "_wandb": {"runtime": 6}}