{"mean_reward": 3.50061644, "learning_rate": 0.1, "n_steps": 2048, "batch_size": 32, "n_epochs": 10, "_timestamp": 1720610889.5866573, "_runtime": 4.543182373046875, "_step": 0, "_wandb": {"runtime": 4}}