{"mean_reward": 4.99498326, "learning_rate": 0.1, "n_steps": 1024, "batch_size": 160, "n_epochs": 20, "_timestamp": 1720689513.5611145, "_runtime": 5.498629570007324, "_step": 0, "_wandb": {"runtime": 4}}