{"mean_reward": 95.57558288, "learning_rate": 0.01, "n_steps": 3072, "batch_size": 64, "n_epochs": 20, "_timestamp": 1720626323.7257805, "_runtime": 9.008105516433716, "_step": 0, "_wandb": {"runtime": 8}}