{"mean_reward": 80.08362306, "learning_rate": 0.0001, "n_steps": 3072, "batch_size": 96, "n_epochs": 20, "_timestamp": 1720617667.2592003, "_runtime": 8.783028364181519, "_step": 0, "_wandb": {"runtime": 8}}