{"mean_reward": 76.9520184, "learning_rate": 0.001, "n_steps": 1024, "batch_size": 64, "n_epochs": 10, "_timestamp": 1720687771.4957218, "_runtime": 6.3891918659210205, "_step": 0, "_wandb": {"runtime": 6}}