{"mean_reward": 7.122635679999999, "learning_rate": 0.1, "n_steps": 3072, "batch_size": 64, "n_epochs": 50, "_timestamp": 1720621888.272817, "_runtime": 12.25390100479126, "_step": 0, "_wandb": {"runtime": 11}}