{"mean_reward": 37.6976157, "learning_rate": 0.01, "n_steps": 2048, "batch_size": 16, "n_epochs": 50, "_timestamp": 1720701902.1751046, "_runtime": 12.210328578948975, "_step": 0, "_wandb": {"runtime": 11}}