{"mean_reward": 3.5731748800000003, "learning_rate": 0.1, "n_steps": 2048, "batch_size": 192, "n_epochs": 50, "_timestamp": 1720614142.2337396, "_runtime": 6.143446683883667, "_step": 0, "_wandb": {"runtime": 5}}