{"mean_reward": 109.10089416000001, "std_reward": 18.856978820701737, "width_factor": 0.01, "_timestamp": 1720696809.294277, "_runtime": 4.988680839538574, "_step": 0}