{"mean_reward": 118.70410176000001, "learning_rate": 0.01, "n_steps": 3072, "batch_size": 64, "n_epochs": 50, "_timestamp": 1720616834.8206427, "_runtime": 9.11090874671936, "_step": 0, "_wandb": {"runtime": 8}}