{"mean_reward": 9.9023228, "learning_rate": 0.1, "n_steps": 3072, "batch_size": 160, "n_epochs": 10, "_timestamp": 1720689498.7397652, "_runtime": 6.351567268371582, "_step": 0, "_wandb": {"runtime": 5}}