{"mean_reward": 24.374089679999997, "learning_rate": 0.01, "n_steps": 3072, "batch_size": 32, "n_epochs": 10, "_timestamp": 1720621223.8716962, "_runtime": 9.334617137908936, "_step": 0, "_wandb": {"runtime": 8}}