{"mean_reward": 128.86300864, "learning_rate": 0.001, "n_steps": 3072, "batch_size": 224, "n_epochs": 50, "_timestamp": 1720619955.6760151, "_runtime": 7.674440145492554, "_step": 0, "_wandb": {"runtime": 7}}