{"mean_reward": 86.76559404000001, "learning_rate": 0.01, "n_steps": 1024, "batch_size": 96, "n_epochs": 50, "_timestamp": 1720626921.5793707, "_runtime": 8.023541688919067, "_step": 0, "_wandb": {"runtime": 7}}