{"mean_reward": 2.8464164600000004, "learning_rate": 0.1, "n_steps": 3072, "batch_size": 224, "n_epochs": 20, "_timestamp": 1720636736.9082773, "_runtime": 4.216253280639648, "_step": 0, "_wandb": {"runtime": 3}}