{"mean_reward": 79.05653229999999, "learning_rate": 0.0001, "n_steps": 2048, "batch_size": 128, "n_epochs": 50, "_timestamp": 1720635566.8460524, "_runtime": 5.028035402297974, "_step": 0, "_wandb": {"runtime": 4}}