{"mean_reward": 76.58143326, "learning_rate": 0.0001, "n_steps": 3072, "batch_size": 96, "n_epochs": 10, "_timestamp": 1720622764.2582586, "_runtime": 4.940944671630859, "_step": 0, "_wandb": {"runtime": 4}}