{"mean_reward": 70.47889136, "learning_rate": 0.0001, "n_steps": 1024, "batch_size": 224, "n_epochs": 50, "_timestamp": 1720620067.5607338, "_runtime": 4.947366714477539, "_step": 0, "_wandb": {"runtime": 4}}