{"mean_reward": 73.11773265999999, "learning_rate": 0.0001, "n_steps": 1024, "batch_size": 224, "n_epochs": 50, "_timestamp": 1720629675.4022222, "_runtime": 8.018924236297607, "_step": 0, "_wandb": {"runtime": 7}}