{"mean_reward": 74.11191312000001, "learning_rate": 0.0001, "n_steps": 1024, "batch_size": 32, "n_epochs": 20, "_timestamp": 1720633859.4685671, "_runtime": 5.490915060043335, "_step": 0, "_wandb": {"runtime": 5}}