{"mean_reward": 103.39413724, "learning_rate": 0.01, "n_steps": 1024, "batch_size": 64, "n_epochs": 20, "_timestamp": 1720626290.1623635, "_runtime": 6.996435642242432, "_step": 0, "_wandb": {"runtime": 6}}