{"mean_reward": 2.6631374, "learning_rate": 0.1, "n_steps": 3072, "batch_size": 16, "n_epochs": 10, "_timestamp": 1720701632.1081805, "_runtime": 6.880542516708374, "_step": 0, "_wandb": {"runtime": 6}}