{"mean_reward": 88.41148030000001, "learning_rate": 0.001, "n_steps": 3072, "batch_size": 32, "n_epochs": 10, "_timestamp": 1720625755.6270003, "_runtime": 10.308839321136475, "_step": 0, "_wandb": {"runtime": 10}}