{"mean_reward": 69.48825918, "learning_rate": 0.1, "n_steps": 2048, "batch_size": 96, "n_epochs": 50, "_timestamp": 1720626789.0594814, "_runtime": 6.4052653312683105, "_step": 0, "_wandb": {"runtime": 6}}