{"mean_reward": 8.939674660000001, "learning_rate": 0.1, "n_steps": 2048, "batch_size": 128, "n_epochs": 20, "_timestamp": 1720622904.47546, "_runtime": 3.779546022415161, "_step": 0, "_wandb": {"runtime": 3}}