{"mean_reward": 72.02962796, "learning_rate": 0.001, "n_steps": 1024, "batch_size": 32, "n_epochs": 20, "_timestamp": 1720611235.8926585, "_runtime": 5.879802465438843, "_step": 0, "_wandb": {"runtime": 5}}