{"mean_reward": 104.71921275999999, "learning_rate": 0.01, "n_steps": 1024, "batch_size": 192, "n_epochs": 50, "_timestamp": 1720628777.9230633, "_runtime": 8.71845531463623, "_step": 0, "_wandb": {"runtime": 8}}