{"mean_reward": 4.45327566, "learning_rate": 0.1, "n_steps": 1024, "batch_size": 192, "n_epochs": 10, "_timestamp": 1720619004.9355195, "_runtime": 4.305481433868408, "_step": 0, "_wandb": {"runtime": 3}}