{"mean_reward": 82.0987711, "learning_rate": 0.0001, "n_steps": 3072, "batch_size": 128, "n_epochs": 10, "_timestamp": 1720689358.9731324, "_runtime": 7.615412473678589, "_step": 0, "_wandb": {"runtime": 7}}