{"mean_reward": 9.22696736, "learning_rate": 0.1, "n_steps": 1024, "batch_size": 160, "n_epochs": 10, "_timestamp": 1720689467.6278217, "_runtime": 5.485706567764282, "_step": 0, "_wandb": {"runtime": 5}}