{"mean_reward": 84.60290926000002, "std_reward": 5.3720154630808015, "width_factor": 0.6, "_timestamp": 1720691323.0260859, "_runtime": 18.884188890457153, "_step": 2, "_wandb": {"runtime": 18}}