{"mean_reward": 1.88453618, "learning_rate": 0.1, "n_steps": 1024, "batch_size": 192, "n_epochs": 20, "_timestamp": 1720619058.1990895, "_runtime": 4.82726263999939, "_step": 0, "_wandb": {"runtime": 4}}