{"mean_reward": 62.26595934, "learning_rate": 0.001, "n_steps": 1024, "batch_size": 64, "n_epochs": 10, "_timestamp": 1720611786.8941474, "_runtime": 6.822824478149414, "_step": 0, "_wandb": {"runtime": 6}}