{"mean_reward": 75.15527572, "learning_rate": 0.0001, "n_steps": 3072, "batch_size": 128, "n_epochs": 20, "_timestamp": 1720627826.30677, "_runtime": 6.317694187164307, "_step": 0, "_wandb": {"runtime": 6}}