{"mean_reward": 17.05643602, "learning_rate": 0.01, "n_steps": 1024, "batch_size": 16, "n_epochs": 50, "_timestamp": 1720701881.2189798, "_runtime": 12.566288948059082, "_step": 0, "_wandb": {"runtime": 12}}