{"mean_reward": 4.54637802, "learning_rate": 0.1, "n_steps": 2048, "batch_size": 64, "n_epochs": 50, "_timestamp": 1720687542.7908275, "_runtime": 8.157429456710815, "_step": 0, "_wandb": {"runtime": 7}}