{"mean_reward": 81.54383702, "learning_rate": 0.0001, "n_steps": 2048, "batch_size": 32, "n_epochs": 20, "_timestamp": 1720633880.0217972, "_runtime": 5.700129270553589, "_step": 0, "_wandb": {"runtime": 5}}