{"mean_reward": 5.298806539999999, "learning_rate": 0.1, "n_steps": 2048, "batch_size": 128, "n_epochs": 10, "_timestamp": 1720612817.944273, "_runtime": 6.067703008651733, "_step": 0, "_wandb": {"runtime": 5}}