{"mean_reward": 62.851029280000006, "learning_rate": 0.001, "n_steps": 1024, "batch_size": 64, "n_epochs": 10, "_timestamp": 1720616845.6557622, "_runtime": 4.21599817276001, "_step": 0, "_wandb": {"runtime": 3}}