{"mean_reward": 123.28295052, "learning_rate": 0.01, "n_steps": 1024, "batch_size": 96, "n_epochs": 20, "_timestamp": 1720617340.5331857, "_runtime": 6.932324647903442, "_step": 0, "_wandb": {"runtime": 6}}