{"mean_reward": 186.42127438000003, "learning_rate": 0.01, "n_steps": 2048, "batch_size": 48, "n_epochs": 20, "_timestamp": 1720703090.9926336, "_runtime": 5.656210660934448, "_step": 0, "_wandb": {"runtime": 5}}