{"mean_reward": 98.46041798000002, "learning_rate": 0.001, "n_steps": 3072, "batch_size": 16, "n_epochs": 20, "_timestamp": 1720697951.4196265, "_runtime": 10.726820468902588, "_step": 0, "_wandb": {"runtime": 10}}