{"mean_reward": 95.47611203999999, "learning_rate": 0.001, "n_steps": 1024, "batch_size": 128, "n_epochs": 50, "_timestamp": 1720635409.196788, "_runtime": 5.285336017608643, "_step": 0, "_wandb": {"runtime": 4}}