{"mean_reward": 27.61438346, "learning_rate": 0.1, "n_steps": 3072, "batch_size": 32, "n_epochs": 10, "_timestamp": 1720621052.1746674, "_runtime": 8.945232391357422, "_step": 0, "_wandb": {"runtime": 8}}