{"mean_reward": 72.18808426, "learning_rate": 0.0001, "n_steps": 1024, "batch_size": 32, "n_epochs": 50, "_timestamp": 1720616518.862378, "_runtime": 8.62130093574524, "_step": 0, "_wandb": {"runtime": 8}}