{"mean_reward": 79.09185466000001, "learning_rate": 0.0001, "n_steps": 1024, "batch_size": 128, "n_epochs": 10, "_timestamp": 1720627740.7727883, "_runtime": 4.591146230697632, "_step": 0, "_wandb": {"runtime": 4}}