{"mean_reward": 115.32445046, "learning_rate": 0.01, "n_steps": 3072, "batch_size": 192, "n_epochs": 10, "_timestamp": 1720628708.8439503, "_runtime": 7.607954263687134, "_step": 0, "_wandb": {"runtime": 7}}