{"mean_reward": 150.54931252, "learning_rate": 0.001, "n_steps": 2048, "batch_size": 224, "n_epochs": 20, "_timestamp": 1720629495.2327645, "_runtime": 7.062425374984741, "_step": 0, "_wandb": {"runtime": 6}}