{"mean_reward": 82.64652896, "std_reward": 5.641269239677692, "width_factor": 0.6, "_timestamp": 1720693854.7292051, "_runtime": 18.99915623664856, "_step": 2, "_wandb": {"runtime": 18}}