{"mean_reward": 80.55878014, "learning_rate": 0.0001, "n_steps": 1024, "batch_size": 192, "n_epochs": 20, "_timestamp": 1720636583.621762, "_runtime": 4.283236026763916, "_step": 0, "_wandb": {"runtime": 3}}