{"mean_reward": 3.57235924, "learning_rate": 0.1, "n_steps": 2048, "batch_size": 192, "n_epochs": 20, "_timestamp": 1720614088.8675501, "_runtime": 5.108561038970947, "_step": 0, "_wandb": {"runtime": 4}}