{"mean_reward": 76.87403196, "learning_rate": 0.0001, "n_steps": 3072, "batch_size": 128, "n_epochs": 50, "_timestamp": 1720623404.8814251, "_runtime": 9.8408682346344, "_step": 0, "_wandb": {"runtime": 9}}