{"mean_reward": 33.28547666, "learning_rate": 0.1, "n_steps": 2048, "batch_size": 64, "n_epochs": 20, "_timestamp": 1720621821.3653576, "_runtime": 6.819360733032227, "_step": 0, "_wandb": {"runtime": 6}}