{"mean_reward": 83.54313934, "learning_rate": 0.01, "n_steps": 3072, "batch_size": 96, "n_epochs": 10, "_timestamp": 1720612305.9944434, "_runtime": 7.021770477294922, "_step": 0, "_wandb": {"runtime": 6}}