{"mean_reward": 84.23275196, "learning_rate": 0.0001, "n_steps": 3072, "batch_size": 128, "n_epochs": 10, "_timestamp": 1720618251.8279097, "_runtime": 5.936935663223267, "_step": 0, "_wandb": {"runtime": 5}}