{"mean_reward": 92.64776325999999, "learning_rate": 0.001, "n_steps": 1024, "batch_size": 32, "n_epochs": 50, "_timestamp": 1720698602.094217, "_runtime": 8.918034076690674, "_step": 0, "_wandb": {"runtime": 8}}