{"mean_reward": 4.73641094, "learning_rate": 0.1, "n_steps": 2048, "batch_size": 160, "n_epochs": 20, "_timestamp": 1720613494.9122598, "_runtime": 6.444370746612549, "_step": 0, "_wandb": {"runtime": 6}}