{"mean_reward": 125.27655148, "std_reward": 3.121546860317904, "width_factor": 0.6, "_timestamp": 1720690981.944083, "_runtime": 19.480836868286133, "_step": 2, "_wandb": {"runtime": 19}}