{"mean_reward": 62.14894594, "learning_rate": 0.01, "n_steps": 1024, "batch_size": 224, "n_epochs": 10, "_timestamp": 1720614761.3089314, "_runtime": 5.1122894287109375, "_step": 0, "_wandb": {"runtime": 4}}