{"mean_reward": 85.53711171999997, "learning_rate": 0.0001, "n_steps": 2048, "batch_size": 128, "n_epochs": 20, "_timestamp": 1720618277.8078055, "_runtime": 5.230017423629761, "_step": 0, "_wandb": {"runtime": 4}}