{"mean_reward": 66.07005271999999, "learning_rate": 0.0001, "n_steps": 1024, "batch_size": 224, "n_epochs": 50, "_timestamp": 1720615158.1834147, "_runtime": 7.217692613601685, "_step": 0, "_wandb": {"runtime": 6}}