{"mean_reward": 92.84348212, "learning_rate": 0.0001, "n_steps": 3072, "batch_size": 64, "n_epochs": 50, "_timestamp": 1720617129.0326738, "_runtime": 9.767374753952026, "_step": 0, "_wandb": {"runtime": 9}}