{"mean_reward": 156.86727864, "learning_rate": 0.01, "n_steps": 2048, "batch_size": 160, "n_epochs": 20, "_timestamp": 1720628115.1501935, "_runtime": 7.5607874393463135, "_step": 0, "_wandb": {"runtime": 7}}