{"mean_reward": 5.833456180000001, "learning_rate": 0.1, "n_steps": 2048, "batch_size": 48, "n_epochs": 10, "_timestamp": 1720698807.495957, "_runtime": 3.963209867477417, "_step": 0, "_wandb": {"runtime": 3}}