{"mean_reward": 167.83039542000003, "learning_rate": 0.0001, "n_steps": 2048, "batch_size": 64, "n_epochs": 20, "_timestamp": 1720612034.7717712, "_runtime": 7.5810792446136475, "_step": 0, "_wandb": {"runtime": 7}}