{"mean_reward": 84.93005566, "learning_rate": 0.1, "n_steps": 1024, "batch_size": 128, "n_epochs": 20, "_timestamp": 1720612855.4210556, "_runtime": 6.175312519073486, "_step": 0, "_wandb": {"runtime": 5}}