{"mean_reward": 38.30579164, "learning_rate": 0.01, "n_steps": 2048, "batch_size": 32, "n_epochs": 50, "_timestamp": 1720620682.5917656, "_runtime": 10.224450588226318, "_step": 0, "_wandb": {"runtime": 9}}