{"mean_reward": 231.11163068, "learning_rate": 0.01, "n_steps": 3072, "batch_size": 96, "n_epochs": 20, "_timestamp": 1720622554.1264558, "_runtime": 6.329794883728027, "_step": 0, "_wandb": {"runtime": 6}}