{"mean_reward": 82.79123157999999, "learning_rate": 0.0001, "n_steps": 3072, "batch_size": 32, "n_epochs": 50, "_timestamp": 1720702886.7789323, "_runtime": 11.569688320159912, "_step": 0, "_wandb": {"runtime": 11}}