{"mean_reward": 81.79248380000001, "learning_rate": 0.01, "n_steps": 3072, "batch_size": 48, "n_epochs": 10, "_timestamp": 1720703059.0438023, "_runtime": 5.541624307632446, "_step": 0, "_wandb": {"runtime": 5}}