{"mean_reward": 38.52762132, "learning_rate": 0.1, "n_steps": 2048, "batch_size": 64, "n_epochs": 50, "_timestamp": 1720621868.7740624, "_runtime": 9.400488376617432, "_step": 0, "_wandb": {"runtime": 9}}