{"mean_reward": 210.90382997999998, "learning_rate": 0.01, "n_steps": 3072, "batch_size": 192, "n_epochs": 20, "_timestamp": 1720624186.9848542, "_runtime": 5.487857103347778, "_step": 0, "_wandb": {"runtime": 5}}