{"mean_reward": 77.03926274, "learning_rate": 0.001, "n_steps": 1024, "batch_size": 192, "n_epochs": 50, "_timestamp": 1720624339.430236, "_runtime": 4.676464080810547, "_step": 0, "_wandb": {"runtime": 4}}