{"mean_reward": 123.55617383999997, "learning_rate": 0.01, "n_steps": 3072, "batch_size": 32, "n_epochs": 50, "_timestamp": 1720611169.4119039, "_runtime": 12.745849847793579, "_step": 0, "_wandb": {"runtime": 12}}