{"mean_reward": 62.0039381, "learning_rate": 0.1, "n_steps": 3072, "batch_size": 160, "n_epochs": 10, "_timestamp": 1720613464.4006927, "_runtime": 7.370095729827881, "_step": 0, "_wandb": {"runtime": 7}}