{"mean_reward": 74.13992752, "learning_rate": 0.01, "n_steps": 1024, "batch_size": 96, "n_epochs": 10, "_timestamp": 1720634639.6496391, "_runtime": 4.1868650913238525, "_step": 0, "_wandb": {"runtime": 3}}