{"mean_reward": 40.66706316, "learning_rate": 0.1, "n_steps": 3072, "batch_size": 128, "n_epochs": 50, "_timestamp": 1720617890.2960086, "_runtime": 10.191308498382568, "_step": 0, "_wandb": {"runtime": 9}}