{"mean_reward": 11.10447512, "learning_rate": 0.1, "n_steps": 3072, "batch_size": 48, "n_epochs": 50, "_timestamp": 1720698911.318267, "_runtime": 8.612691164016724, "_step": 0, "_wandb": {"runtime": 8}}