{"mean_reward": 74.64047640000001, "learning_rate": 0.001, "n_steps": 1024, "batch_size": 128, "n_epochs": 20, "_timestamp": 1720627644.3160172, "_runtime": 7.174305200576782, "_step": 0, "_wandb": {"runtime": 6}}