{"mean_reward": 80.30377458, "learning_rate": 0.0001, "n_steps": 3072, "batch_size": 32, "n_epochs": 10, "_timestamp": 1720611375.3600128, "_runtime": 9.645442724227905, "_step": 0, "_wandb": {"runtime": 9}}