{"mean_reward": 5.9570696, "learning_rate": 0.1, "n_steps": 2048, "batch_size": 96, "n_epochs": 20, "_timestamp": 1720612188.9953494, "_runtime": 5.5265233516693115, "_step": 0, "_wandb": {"runtime": 5}}