{"mean_reward": 99.48686899999998, "learning_rate": 0.001, "n_steps": 2048, "batch_size": 32, "n_epochs": 50, "_timestamp": 1720616388.5475788, "_runtime": 9.619870901107788, "_step": 0, "_wandb": {"runtime": 9}}