{"mean_reward": 75.68716194000001, "learning_rate": 0.0001, "n_steps": 1024, "batch_size": 96, "n_epochs": 10, "_timestamp": 1720627108.4888525, "_runtime": 4.412680387496948, "_step": 0, "_wandb": {"runtime": 4}}