{"mean_reward": -1.4031270200000001, "learning_rate": 0.1, "n_steps": 3072, "batch_size": 224, "n_epochs": 10, "_timestamp": 1720614640.9835613, "_runtime": 5.939815282821655, "_step": 0, "_wandb": {"runtime": 5}}