{"mean_reward": 65.74670652, "learning_rate": 0.0001, "n_steps": 1024, "batch_size": 160, "n_epochs": 50, "_timestamp": 1720618948.2121334, "_runtime": 7.426793336868286, "_step": 0, "_wandb": {"runtime": 7}}