{"mean_reward": 73.00263643999999, "learning_rate": 0.001, "n_steps": 1024, "batch_size": 160, "n_epochs": 10, "_timestamp": 1720623706.316863, "_runtime": 5.57873010635376, "_step": 0, "_wandb": {"runtime": 5}}