{"mean_reward": 106.25778768, "learning_rate": 0.01, "n_steps": 3072, "batch_size": 192, "n_epochs": 50, "_timestamp": 1720614303.7041352, "_runtime": 10.368643283843994, "_step": 0, "_wandb": {"runtime": 10}}