{"mean_reward": 78.59361304, "learning_rate": 0.0001, "n_steps": 2048, "batch_size": 96, "n_epochs": 10, "_timestamp": 1720627148.9827693, "_runtime": 4.2631142139434814, "_step": 0, "_wandb": {"runtime": 3}}