{"mean_reward": 151.3099003, "learning_rate": 0.001, "n_steps": 2048, "batch_size": 96, "n_epochs": 50, "_timestamp": 1720634878.9117038, "_runtime": 5.959906816482544, "_step": 0, "_wandb": {"runtime": 5}}