{"mean_reward": 79.84002156000001, "learning_rate": 0.001, "n_steps": 3072, "batch_size": 96, "n_epochs": 10, "_timestamp": 1720688495.611128, "_runtime": 9.048319101333618, "_step": 0, "_wandb": {"runtime": 8}}