{"mean_reward": 99.23273902, "learning_rate": 0.0001, "n_steps": 2048, "batch_size": 96, "n_epochs": 10, "_timestamp": 1720612642.5529656, "_runtime": 7.073734521865845, "_step": 0, "_wandb": {"runtime": 6}}