{"mean_reward": 85.21936466, "learning_rate": 0.01, "n_steps": 1024, "batch_size": 96, "n_epochs": 20, "_timestamp": 1720626873.3239937, "_runtime": 6.043226718902588, "_step": 0, "_wandb": {"runtime": 5}}