{"mean_reward": 174.25351211999998, "learning_rate": 0.01, "n_steps": 3072, "batch_size": 32, "n_epochs": 20, "_timestamp": 1720616203.7521346, "_runtime": 8.912809610366821, "_step": 0, "_wandb": {"runtime": 8}}