{"mean_reward": 84.24912481999998, "learning_rate": 0.0001, "n_steps": 2048, "batch_size": 128, "n_epochs": 10, "_timestamp": 1720689341.9526067, "_runtime": 6.252359628677368, "_step": 0, "_wandb": {"runtime": 5}}