{"mean_reward": 13.22551238, "learning_rate": 0.1, "n_steps": 3072, "batch_size": 128, "n_epochs": 20, "_timestamp": 1720627362.3918242, "_runtime": 7.982499361038208, "_step": 0, "_wandb": {"runtime": 7}}