{"mean_reward": 125.1431627, "std_reward": 3.904280947233978, "width_factor": 0.6, "_timestamp": 1720690534.0110574, "_runtime": 22.158981323242188, "_step": 2, "_wandb": {"runtime": 21}}