{"mean_reward": 95.66629601999999, "learning_rate": 0.001, "n_steps": 1024, "batch_size": 128, "n_epochs": 50, "_timestamp": 1720689267.3836987, "_runtime": 8.455074787139893, "_step": 0, "_wandb": {"runtime": 8}}