{"mean_reward": 30.776082499999998, "learning_rate": 0.01, "n_steps": 3072, "batch_size": 64, "n_epochs": 20, "_timestamp": 1720687678.4018693, "_runtime": 8.260972261428833, "_step": 0, "_wandb": {"runtime": 8}}