{"mean_reward": 5.30132614, "learning_rate": 0.1, "n_steps": 3072, "batch_size": 96, "n_epochs": 10, "_timestamp": 1720612159.2173254, "_runtime": 6.7417075634002686, "_step": 0, "_wandb": {"runtime": 6}}