{"mean_reward": 63.163981060000005, "learning_rate": 0.0001, "n_steps": 1024, "batch_size": 192, "n_epochs": 50, "_timestamp": 1720614562.9510572, "_runtime": 6.589291095733643, "_step": 0, "_wandb": {"runtime": 6}}