{"mean_reward": 80.33273291999998, "learning_rate": 0.0001, "n_steps": 2048, "batch_size": 16, "n_epochs": 10, "_timestamp": 1720698057.43845, "_runtime": 6.18999719619751, "_step": 0, "_wandb": {"runtime": 5}}