{"mean_reward": 84.02384029999999, "learning_rate": 0.001, "n_steps": 3072, "batch_size": 160, "n_epochs": 10, "_timestamp": 1720635893.535754, "_runtime": 5.58178186416626, "_step": 0, "_wandb": {"runtime": 5}}