{"mean_reward": 82.27693420000001, "learning_rate": 0.01, "n_steps": 3072, "batch_size": 48, "n_epochs": 20, "_timestamp": 1720698994.2418678, "_runtime": 6.394023895263672, "_step": 0, "_wandb": {"runtime": 5}}