{"mean_reward": 71.87522433999999, "learning_rate": 0.001, "n_steps": 1024, "batch_size": 192, "n_epochs": 10, "_timestamp": 1720628827.9267635, "_runtime": 6.103549480438232, "_step": 0, "_wandb": {"runtime": 5}}