{"mean_reward": 81.32181436, "learning_rate": 0.0001, "n_steps": 2048, "batch_size": 32, "n_epochs": 50, "_timestamp": 1720626048.3100257, "_runtime": 13.954429626464844, "_step": 0, "_wandb": {"runtime": 13}}