{"mean_reward": 204.03640838000004, "learning_rate": 0.01, "n_steps": 3072, "batch_size": 64, "n_epochs": 10, "_timestamp": 1720621937.9887693, "_runtime": 10.02773118019104, "_step": 0, "_wandb": {"runtime": 9}}