{"mean_reward": 251.41680438000003, "learning_rate": 0.001, "n_steps": 3072, "batch_size": 32, "n_epochs": 20, "_timestamp": 1720633752.3111084, "_runtime": 8.253331422805786, "_step": 0, "_wandb": {"runtime": 7}}