{"mean_reward": 3.9409905800000002, "learning_rate": 0.1, "n_steps": 2048, "batch_size": 32, "n_epochs": 20, "_timestamp": 1720610937.8627946, "_runtime": 5.431187629699707, "_step": 0, "_wandb": {"runtime": 5}}