{"mean_reward": 80.59597226000001, "learning_rate": 0.0001, "n_steps": 3072, "batch_size": 32, "n_epochs": 50, "_timestamp": 1720621732.2316456, "_runtime": 18.63664150238037, "_step": 0, "_wandb": {"runtime": 18}}