{"mean_reward": 85.61948650000002, "learning_rate": 0.0001, "n_steps": 3072, "batch_size": 224, "n_epochs": 50, "_timestamp": 1720620102.183608, "_runtime": 7.5145721435546875, "_step": 0, "_wandb": {"runtime": 7}}