{"mean_reward": 74.89093464, "learning_rate": 0.0001, "n_steps": 3072, "batch_size": 64, "n_epochs": 20, "_timestamp": 1720622274.4012053, "_runtime": 5.831069231033325, "_step": 0, "_wandb": {"runtime": 5}}