{"mean_reward": 84.44248138, "learning_rate": 0.0001, "n_steps": 2048, "batch_size": 160, "n_epochs": 50, "_timestamp": 1720618966.3205643, "_runtime": 9.036048173904419, "_step": 0, "_wandb": {"runtime": 8}}