{"mean_reward": 92.49487856, "learning_rate": 0.001, "n_steps": 3072, "batch_size": 192, "n_epochs": 10, "_timestamp": 1720619327.9164374, "_runtime": 6.759387493133545, "_step": 0, "_wandb": {"runtime": 6}}