{"mean_reward": 5.29874392, "learning_rate": 0.1, "n_steps": 1024, "batch_size": 128, "n_epochs": 20, "_timestamp": 1720627328.266428, "_runtime": 4.988756895065308, "_step": 0, "_wandb": {"runtime": 4}}