{"mean_reward": 83.1824854, "learning_rate": 0.1, "n_steps": 1024, "batch_size": 128, "n_epochs": 50, "_timestamp": 1720612904.1769276, "_runtime": 7.8176305294036865, "_step": 0, "_wandb": {"runtime": 7}}