{"mean_reward": 65.71251868, "learning_rate": 0.01, "n_steps": 2048, "batch_size": 64, "n_epochs": 20, "_timestamp": 1720611682.2986767, "_runtime": 7.16737961769104, "_step": 0, "_wandb": {"runtime": 6}}