{"mean_reward": 1.6987272000000002, "learning_rate": 0.01, "n_steps": 2048, "batch_size": 32, "n_epochs": 20, "_timestamp": 1720698420.2638948, "_runtime": 5.163277864456177, "_step": 0, "_wandb": {"runtime": 4}}