{"mean_reward": 85.36602590000001, "learning_rate": 0.0001, "n_steps": 3072, "batch_size": 160, "n_epochs": 10, "_timestamp": 1720618873.7069783, "_runtime": 10.5889253616333, "_step": 0, "_wandb": {"runtime": 10}}