{"mean_reward": 2.8481456599999997, "learning_rate": 0.1, "n_steps": 3072, "batch_size": 224, "n_epochs": 50, "_timestamp": 1720636780.6258423, "_runtime": 4.905710220336914, "_step": 0, "_wandb": {"runtime": 4}}