{"mean_reward": 94.67324713999999, "learning_rate": 0.001, "n_steps": 3072, "batch_size": 48, "n_epochs": 20, "_timestamp": 1720699134.7887511, "_runtime": 6.605061054229736, "_step": 0, "_wandb": {"runtime": 6}}