{"mean_reward": 84.07099287999999, "learning_rate": 0.0001, "n_steps": 2048, "batch_size": 32, "n_epochs": 50, "_timestamp": 1720616535.3344302, "_runtime": 9.40111231803894, "_step": 0, "_wandb": {"runtime": 9}}