{"mean_reward": 75.66704006, "learning_rate": 0.001, "n_steps": 1024, "batch_size": 64, "n_epochs": 50, "_timestamp": 1720626503.5066178, "_runtime": 9.59069275856018, "_step": 0, "_wandb": {"runtime": 9}}