{"mean_reward": 5.09661684, "learning_rate": 0.1, "n_steps": 3072, "batch_size": 96, "n_epochs": 10, "_timestamp": 1720634539.7796085, "_runtime": 4.243755578994751, "_step": 0, "_wandb": {"runtime": 3}}