{"mean_reward": 79.82636726000001, "learning_rate": 0.001, "n_steps": 2048, "batch_size": 16, "n_epochs": 10, "_timestamp": 1720697879.373716, "_runtime": 5.628483057022095, "_step": 0, "_wandb": {"runtime": 5}}