{"mean_reward": 156.75267304000002, "learning_rate": 0.001, "n_steps": 2048, "batch_size": 160, "n_epochs": 20, "_timestamp": 1720623764.8501089, "_runtime": 6.737757921218872, "_step": 0, "_wandb": {"runtime": 6}}