{"mean_reward": 134.17831102, "std_reward": 1.870432486440208, "width_factor": 0.6, "_timestamp": 1720705366.4861186, "_runtime": 19.119398593902588, "_step": 2, "_wandb": {"runtime": 18}}