{"mean_reward": 75.2253608, "learning_rate": 0.0001, "n_steps": 2048, "batch_size": 192, "n_epochs": 50, "_timestamp": 1720629086.410405, "_runtime": 7.354857921600342, "_step": 0, "_wandb": {"runtime": 4}}