{"mean_reward": 1.6436106799999999, "learning_rate": 0.1, "n_steps": 3072, "batch_size": 64, "n_epochs": 50, "_timestamp": 1720616696.9127712, "_runtime": 8.335368156433105, "_step": 0, "_wandb": {"runtime": 7}}