{"mean_reward": 80.39057738000001, "learning_rate": 0.0001, "n_steps": 2048, "batch_size": 96, "n_epochs": 50, "_timestamp": 1720612759.7752929, "_runtime": 9.594491958618164, "_step": 0, "_wandb": {"runtime": 9}}