{"mean_reward": 95.57405995999997, "learning_rate": 0.0001, "n_steps": 3072, "batch_size": 128, "n_epochs": 50, "_timestamp": 1720613419.0815713, "_runtime": 9.707841396331787, "_step": 0, "_wandb": {"runtime": 9}}