{"mean_reward": 9.97737528, "learning_rate": 0.1, "n_steps": 2048, "batch_size": 160, "n_epochs": 20, "_timestamp": 1720635655.5361536, "_runtime": 3.6611545085906982, "_step": 0, "_wandb": {"runtime": 3}}