{"mean_reward": 83.09260218000001, "std_reward": 5.4699196839793025, "width_factor": 0.6, "_timestamp": 1720691837.9660912, "_runtime": 18.443363189697266, "_step": 2, "_wandb": {"runtime": 17}}