{"mean_reward": 77.73731014, "learning_rate": 0.0001, "n_steps": 2048, "batch_size": 64, "n_epochs": 20, "_timestamp": 1720688011.280186, "_runtime": 8.028089046478271, "_step": 0, "_wandb": {"runtime": 7}}