{"mean_reward": 83.39300384, "learning_rate": 0.001, "n_steps": 3072, "batch_size": 192, "n_epochs": 20, "_timestamp": 1720619370.3728156, "_runtime": 7.380877494812012, "_step": 0, "_wandb": {"runtime": 7}}