{"mean_reward": 27.61438346, "learning_rate": 0.1, "n_steps": 3072, "batch_size": 32, "n_epochs": 10, "_timestamp": 1720620459.0037525, "_runtime": 6.2754364013671875, "_step": 0, "_wandb": {"runtime": 5}}