{"mean_reward": 88.25449839999999, "learning_rate": 0.01, "n_steps": 1024, "batch_size": 160, "n_epochs": 50, "_timestamp": 1720628146.739638, "_runtime": 8.2951340675354, "_step": 0, "_wandb": {"runtime": 8}}