{"mean_reward": 72.2211668, "learning_rate": 0.0001, "n_steps": 1024, "batch_size": 96, "n_epochs": 20, "_timestamp": 1720627172.2433655, "_runtime": 4.518896579742432, "_step": 0, "_wandb": {"runtime": 4}}