{"mean_reward": 8.02805152, "learning_rate": 0.1, "n_steps": 2048, "batch_size": 128, "n_epochs": 10, "_timestamp": 1720635049.8884163, "_runtime": 3.9046692848205566, "_step": 0, "_wandb": {"runtime": 3}}