{"mean_reward": 70.63082246, "learning_rate": 0.01, "n_steps": 1024, "batch_size": 32, "n_epochs": 20, "_timestamp": 1720616174.6825185, "_runtime": 5.566838502883911, "_step": 0, "_wandb": {"runtime": 5}}