{"mean_reward": 73.68130914, "learning_rate": 0.0001, "n_steps": 1024, "batch_size": 128, "n_epochs": 20, "_timestamp": 1720618265.5469542, "_runtime": 4.273966073989868, "_step": 0, "_wandb": {"runtime": 3}}