{"mean_reward": 97.95743354, "learning_rate": 0.001, "n_steps": 3072, "batch_size": 128, "n_epochs": 50, "_timestamp": 1720613277.5712562, "_runtime": 9.608427047729492, "_step": 0, "_wandb": {"runtime": 9}}