{"mean_reward": 96.9020253, "learning_rate": 0.01, "n_steps": 2048, "batch_size": 48, "n_epochs": 10, "_timestamp": 1720703043.9903872, "_runtime": 4.840904235839844, "_step": 0, "_wandb": {"runtime": 4}}