{"mean_reward": 75.26615956, "learning_rate": 0.0001, "n_steps": 1024, "batch_size": 32, "n_epochs": 10, "_timestamp": 1720633816.1157591, "_runtime": 5.021957159042358, "_step": 0, "_wandb": {"runtime": 4}}