{"mean_reward": 81.10111364000001, "learning_rate": 0.0001, "n_steps": 1024, "batch_size": 96, "n_epochs": 20, "_timestamp": 1720612684.4915884, "_runtime": 7.74741530418396, "_step": 0, "_wandb": {"runtime": 7}}