{"mean_reward": 99.16283398, "learning_rate": 0.001, "n_steps": 1024, "batch_size": 64, "n_epochs": 20, "_timestamp": 1720687821.3200843, "_runtime": 8.30551528930664, "_step": 0, "_wandb": {"runtime": 8}}