{"mean_reward": 5.29606078, "learning_rate": 0.1, "n_steps": 3072, "batch_size": 224, "n_epochs": 20, "_timestamp": 1720624582.3849094, "_runtime": 4.313153505325317, "_step": 0, "_wandb": {"runtime": 3}}