{"mean_reward": 82.90597932, "learning_rate": 0.001, "n_steps": 3072, "batch_size": 192, "n_epochs": 10, "_timestamp": 1720628867.4684188, "_runtime": 8.307702779769897, "_step": 0, "_wandb": {"runtime": 7}}