{"mean_reward": 23.414737019999997, "learning_rate": 0.1, "n_steps": 2048, "batch_size": 128, "n_epochs": 10, "_timestamp": 1720622872.5981736, "_runtime": 3.850045680999756, "_step": 0, "_wandb": {"runtime": 3}}