{"mean_reward": 1.7088624199999998, "learning_rate": 0.1, "n_steps": 3072, "batch_size": 64, "n_epochs": 10, "_timestamp": 1720633979.2232985, "_runtime": 4.466785430908203, "_step": 0, "_wandb": {"runtime": 4}}