{"mean_reward": 73.78732692, "learning_rate": 0.001, "n_steps": 2048, "batch_size": 128, "n_epochs": 10, "_timestamp": 1720613143.6379182, "_runtime": 6.6796653270721436, "_step": 0, "_wandb": {"runtime": 6}}