{"mean_reward": 45.69043095999999, "learning_rate": 0.1, "n_steps": 1024, "batch_size": 96, "n_epochs": 10, "_timestamp": 1720626690.9223454, "_runtime": 4.308842420578003, "_step": 0, "_wandb": {"runtime": 4}}