{"mean_reward": 28.128812659999998, "learning_rate": 0.1, "n_steps": 3072, "batch_size": 32, "n_epochs": 20, "_timestamp": 1720698300.7095315, "_runtime": 6.878534555435181, "_step": 0, "_wandb": {"runtime": 6}}