{"mean_reward": 230.63007554, "learning_rate": 0.01, "n_steps": 3072, "batch_size": 224, "n_epochs": 50, "_timestamp": 1720619830.6647325, "_runtime": 8.100744485855103, "_step": 0, "_wandb": {"runtime": 7}}