{"mean_reward": 83.20981930000002, "learning_rate": 0.0001, "n_steps": 3072, "batch_size": 64, "n_epochs": 50, "_timestamp": 1720634501.6484268, "_runtime": 7.731774806976318, "_step": 0, "_wandb": {"runtime": 7}}