{"mean_reward": 207.32013608, "learning_rate": 0.01, "n_steps": 1024, "batch_size": 192, "n_epochs": 20, "_timestamp": 1720614221.748432, "_runtime": 7.091038942337036, "_step": 0, "_wandb": {"runtime": 6}}