{"mean_reward": 174.70427098, "learning_rate": 0.01, "n_steps": 2048, "batch_size": 224, "n_epochs": 20, "_timestamp": 1720629327.4056242, "_runtime": 7.3831400871276855, "_step": 0, "_wandb": {"runtime": 7}}