{"mean_reward": 8.990829139999999, "learning_rate": 0.1, "n_steps": 2048, "batch_size": 96, "n_epochs": 50, "_timestamp": 1720612238.344686, "_runtime": 7.437011957168579, "_step": 0, "_wandb": {"runtime": 7}}