{"mean_reward": 49.75320051999999, "learning_rate": 0.1, "n_steps": 1024, "batch_size": 96, "n_epochs": 20, "_timestamp": 1720612173.5097115, "_runtime": 5.508788585662842, "_step": 0, "_wandb": {"runtime": 5}}