{"mean_reward": 7.172073260000001, "learning_rate": 0.1, "n_steps": 3072, "batch_size": 64, "n_epochs": 10, "_timestamp": 1720626121.3171916, "_runtime": 7.929973602294922, "_step": 0, "_wandb": {"runtime": 7}}