{"mean_reward": 97.47483399999999, "learning_rate": 0.01, "n_steps": 2048, "batch_size": 224, "n_epochs": 10, "_timestamp": 1720614777.7992601, "_runtime": 6.087621212005615, "_step": 0, "_wandb": {"runtime": 5}}