{"mean_reward": 202.34619263999997, "learning_rate": 0.001, "n_steps": 3072, "batch_size": 96, "n_epochs": 50, "_timestamp": 1720612605.5041344, "_runtime": 13.377170324325562, "_step": 0, "_wandb": {"runtime": 12}}