{"mean_reward": 3.0840984599999994, "learning_rate": 0.1, "n_steps": 1024, "batch_size": 64, "n_epochs": 20, "_timestamp": 1720626135.3466256, "_runtime": 6.011030673980713, "_step": 0, "_wandb": {"runtime": 5}}