{"mean_reward": 82.47770738, "learning_rate": 0.001, "n_steps": 3072, "batch_size": 160, "n_epochs": 10, "_timestamp": 1720618699.6224344, "_runtime": 11.065771341323853, "_step": 0, "_wandb": {"runtime": 10}}