{"mean_reward": 94.10835535999999, "learning_rate": 0.01, "n_steps": 2048, "batch_size": 48, "n_epochs": 10, "_timestamp": 1720698943.896374, "_runtime": 4.698586940765381, "_step": 0, "_wandb": {"runtime": 4}}