{"mean_reward": 5.8371143199999995, "learning_rate": 0.1, "n_steps": 2048, "batch_size": 32, "n_epochs": 10, "_timestamp": 1720625387.8035264, "_runtime": 6.656784296035767, "_step": 0, "_wandb": {"runtime": 6}}