{"mean_reward": 79.57658336, "std_reward": 2.471995559925719, "width_factor": 0.6, "_timestamp": 1720700526.7253418, "_runtime": 12.408537864685059, "_step": 2, "_wandb": {"runtime": 12}}