{"mean_reward": 75.88581624, "learning_rate": 0.0001, "n_steps": 3072, "batch_size": 48, "n_epochs": 10, "_timestamp": 1720699220.748266, "_runtime": 5.350688934326172, "_step": 0, "_wandb": {"runtime": 5}}