{"mean_reward": 77.0235358, "learning_rate": 0.0001, "n_steps": 3072, "batch_size": 48, "n_epochs": 20, "_timestamp": 1720699274.3756616, "_runtime": 6.3536906242370605, "_step": 0, "_wandb": {"runtime": 6}}