{"mean_reward": 3.08758278, "learning_rate": 0.1, "n_steps": 1024, "batch_size": 160, "n_epochs": 20, "_timestamp": 1720627928.7358866, "_runtime": 4.880438566207886, "_step": 0, "_wandb": {"runtime": 4}}