{"mean_reward": 11.195299740000001, "learning_rate": 0.1, "n_steps": 1024, "batch_size": 128, "n_epochs": 50, "_timestamp": 1720688912.2487667, "_runtime": 8.054073572158813, "_step": 0, "_wandb": {"runtime": 7}}