{"mean_reward": 78.38505802, "learning_rate": 0.0001, "n_steps": 3072, "batch_size": 192, "n_epochs": 20, "_timestamp": 1720624466.5105772, "_runtime": 5.098124265670776, "_step": 0, "_wandb": {"runtime": 4}}