{"mean_reward": 87.53270132, "learning_rate": 0.01, "n_steps": 3072, "batch_size": 64, "n_epochs": 50, "_timestamp": 1720622034.830298, "_runtime": 8.095548868179321, "_step": 0, "_wandb": {"runtime": 7}}