{"mean_reward": 1.70131074, "learning_rate": 0.01, "n_steps": 2048, "batch_size": 32, "n_epochs": 20, "_timestamp": 1720625615.14347, "_runtime": 8.13831114768982, "_step": 0, "_wandb": {"runtime": 7}}