{"mean_reward": 40.98955452, "learning_rate": 0.1, "n_steps": 3072, "batch_size": 128, "n_epochs": 10, "_timestamp": 1720617783.2266495, "_runtime": 8.51743745803833, "_step": 0, "_wandb": {"runtime": 7}}