{"mean_reward": 82.36351753999999, "learning_rate": 0.001, "n_steps": 2048, "batch_size": 32, "n_epochs": 20, "_timestamp": 1720698566.812132, "_runtime": 5.894207000732422, "_step": 0, "_wandb": {"runtime": 5}}