{"mean_reward": 153.36967280000002, "learning_rate": 0.001, "n_steps": 3072, "batch_size": 32, "n_epochs": 50, "_timestamp": 1720702734.498059, "_runtime": 12.229433059692383, "_step": 0, "_wandb": {"runtime": 11}}