{"mean_reward": 80.01183684, "learning_rate": 0.0001, "n_steps": 2048, "batch_size": 64, "n_epochs": 10, "_timestamp": 1720687952.1153042, "_runtime": 6.937812328338623, "_step": 0, "_wandb": {"runtime": 6}}