{"mean_reward": 99.80620499999999, "learning_rate": 0.001, "n_steps": 3072, "batch_size": 16, "n_epochs": 10, "_timestamp": 1720697901.8520298, "_runtime": 7.574727773666382, "_step": 0, "_wandb": {"runtime": 7}}