{"mean_reward": 222.34025078, "learning_rate": 0.01, "n_steps": 2048, "batch_size": 64, "n_epochs": 20, "_timestamp": 1720687642.8467739, "_runtime": 8.34451174736023, "_step": 0, "_wandb": {"runtime": 8}}