{"mean_reward": 73.64944308, "learning_rate": 0.001, "n_steps": 1024, "batch_size": 96, "n_epochs": 20, "_timestamp": 1720627020.1397564, "_runtime": 4.87000846862793, "_step": 0, "_wandb": {"runtime": 4}}