{"mean_reward": 97.25962762, "learning_rate": 0.0001, "n_steps": 2048, "batch_size": 160, "n_epochs": 10, "_timestamp": 1720618851.9139395, "_runtime": 8.76755952835083, "_step": 0, "_wandb": {"runtime": 8}}