{"mean_reward": 132.59133083999998, "learning_rate": 0.01, "n_steps": 3072, "batch_size": 128, "n_epochs": 50, "_timestamp": 1720613112.5683665, "_runtime": 12.377918481826782, "_step": 0, "_wandb": {"runtime": 12}}