{"mean_reward": 64.34170035999999, "learning_rate": 0.001, "n_steps": 1024, "batch_size": 128, "n_epochs": 10, "_timestamp": 1720618072.4160428, "_runtime": 5.121647834777832, "_step": 0, "_wandb": {"runtime": 4}}