{"mean_reward": 74.40087426, "learning_rate": 0.0001, "n_steps": 1024, "batch_size": 224, "n_epochs": 20, "_timestamp": 1720624934.709931, "_runtime": 5.339702844619751, "_step": 0, "_wandb": {"runtime": 5}}