{"mean_reward": 5.833318640000001, "learning_rate": 0.1, "n_steps": 2048, "batch_size": 128, "n_epochs": 50, "_timestamp": 1720627393.0685751, "_runtime": 7.270960092544556, "_step": 0, "_wandb": {"runtime": 6}}