{"mean_reward": 9.964020040000001, "learning_rate": 0.1, "n_steps": 3072, "batch_size": 160, "n_epochs": 20, "_timestamp": 1720689546.364365, "_runtime": 6.825340986251831, "_step": 0, "_wandb": {"runtime": 6}}