{"mean_reward": 74.6149381, "learning_rate": 0.0001, "n_steps": 1024, "batch_size": 48, "n_epochs": 50, "_timestamp": 1720699291.547649, "_runtime": 7.1298768520355225, "_step": 0, "_wandb": {"runtime": 6}}