{"mean_reward": 5.8332672400000005, "learning_rate": 0.1, "n_steps": 2048, "batch_size": 32, "n_epochs": 50, "_timestamp": 1720625499.092968, "_runtime": 13.267215013504028, "_step": 0, "_wandb": {"runtime": 12}}