{"mean_reward": 199.78867064000002, "learning_rate": 0.001, "n_steps": 3072, "batch_size": 192, "n_epochs": 50, "_timestamp": 1720636522.9246824, "_runtime": 6.272000312805176, "_step": 0, "_wandb": {"runtime": 5}}