{"mean_reward": 181.50092383999996, "learning_rate": 0.01, "n_steps": 2048, "batch_size": 160, "n_epochs": 10, "_timestamp": 1720628058.6122298, "_runtime": 8.606091737747192, "_step": 0, "_wandb": {"runtime": 8}}