{"mean_reward": 1.0848637600000002, "learning_rate": 0.1, "n_steps": 2048, "batch_size": 224, "n_epochs": 50, "_timestamp": 1720636768.4470656, "_runtime": 4.068872690200806, "_step": 0, "_wandb": {"runtime": 3}}