{"mean_reward": 80.33846302, "learning_rate": 0.0001, "n_steps": 3072, "batch_size": 160, "n_epochs": 20, "_timestamp": 1720618934.3127997, "_runtime": 13.556899785995483, "_step": 0, "_wandb": {"runtime": 12}}