{"mean_reward": 249.55254014000002, "learning_rate": 0.1, "n_steps": 1024, "batch_size": 32, "n_epochs": 10, "_timestamp": 1720686678.5309944, "_runtime": 9.613374471664429, "_step": 0, "_wandb": {"runtime": 9}}