{"mean_reward": 74.19672064, "learning_rate": 0.0001, "n_steps": 1024, "batch_size": 32, "n_epochs": 20, "_timestamp": 1720687307.985544, "_runtime": 9.085793018341064, "_step": 0, "_wandb": {"runtime": 8}}