{"mean_reward": 80.6953108, "learning_rate": 0.0001, "n_steps": 3072, "batch_size": 224, "n_epochs": 20, "_timestamp": 1720620053.5469418, "_runtime": 6.467198848724365, "_step": 0, "_wandb": {"runtime": 6}}