{"mean_reward": 2.3606711, "learning_rate": 0.1, "n_steps": 3072, "batch_size": 64, "n_epochs": 20, "_timestamp": 1720687511.4900026, "_runtime": 8.777031660079956, "_step": 0, "_wandb": {"runtime": 7}}