{"mean_reward": 72.26994448, "learning_rate": 0.0001, "n_steps": 1024, "batch_size": 96, "n_epochs": 50, "_timestamp": 1720627237.4931512, "_runtime": 7.016109228134155, "_step": 0, "_wandb": {"runtime": 6}}