{"mean_reward": 90.24900502, "learning_rate": 0.0001, "n_steps": 2048, "batch_size": 224, "n_epochs": 10, "_timestamp": 1720629594.280986, "_runtime": 6.198812961578369, "_step": 0, "_wandb": {"runtime": 5}}