{"mean_reward": 79.57201752, "std_reward": 1.9223962449495176, "width_factor": 0.6, "_timestamp": 1720695598.738423, "_runtime": 12.781069040298462, "_step": 2, "_wandb": {"runtime": 12}}