{"mean_reward": 168.23152236, "learning_rate": 0.01, "n_steps": 3072, "batch_size": 160, "n_epochs": 10, "_timestamp": 1720613607.141962, "_runtime": 8.66248607635498, "_step": 0, "_wandb": {"runtime": 8}}