{"mean_reward": 148.82440197999998, "learning_rate": 0.001, "n_steps": 2048, "batch_size": 224, "n_epochs": 50, "_timestamp": 1720637053.9646058, "_runtime": 4.941950798034668, "_step": 0, "_wandb": {"runtime": 4}}