{"mean_reward": 12.123820000000002, "learning_rate": 0.1, "n_steps": 2048, "batch_size": 96, "n_epochs": 20, "_timestamp": 1720617217.0105317, "_runtime": 4.549830675125122, "_step": 0, "_wandb": {"runtime": 4}}