{"mean_reward": 57.99331253999999, "learning_rate": 0.01, "n_steps": 3072, "batch_size": 96, "n_epochs": 20, "_timestamp": 1720634710.9766188, "_runtime": 5.777812719345093, "_step": 0, "_wandb": {"runtime": 5}}