{"mean_reward": 102.6808599, "learning_rate": 0.0001, "n_steps": 2048, "batch_size": 224, "n_epochs": 10, "_timestamp": 1720615078.176665, "_runtime": 6.6897711753845215, "_step": 0, "_wandb": {"runtime": 6}}