{"mean_reward": 178.2770994, "learning_rate": 0.01, "n_steps": 3072, "batch_size": 160, "n_epochs": 50, "_timestamp": 1720618647.0748978, "_runtime": 11.033357858657837, "_step": 0, "_wandb": {"runtime": 10}}