{"mean_reward": 28.018859, "learning_rate": 0.1, "n_steps": 3072, "batch_size": 32, "n_epochs": 20, "_timestamp": 1720625454.5447147, "_runtime": 10.967592716217041, "_step": 0, "_wandb": {"runtime": 10}}