{"mean_reward": 76.87403196, "learning_rate": 0.0001, "n_steps": 3072, "batch_size": 128, "n_epochs": 50, "_timestamp": 1720627876.6775606, "_runtime": 10.277685642242432, "_step": 0, "_wandb": {"runtime": 9}}