{"mean_reward": 75.3286532, "learning_rate": 0.0001, "n_steps": 1024, "batch_size": 192, "n_epochs": 20, "_timestamp": 1720619472.5443342, "_runtime": 4.959051132202148, "_step": 0, "_wandb": {"runtime": 4}}