{"mean_reward": 76.49392546, "learning_rate": 0.0001, "n_steps": 2048, "batch_size": 32, "n_epochs": 10, "_timestamp": 1720625916.0890486, "_runtime": 7.620277643203735, "_step": 0, "_wandb": {"runtime": 7}}