{"mean_reward": 81.6331031, "learning_rate": 0.001, "n_steps": 2048, "batch_size": 32, "n_epochs": 20, "_timestamp": 1720687127.0075223, "_runtime": 9.802477359771729, "_step": 0, "_wandb": {"runtime": 9}}