{"mean_reward": 86.63936313999999, "learning_rate": 0.01, "n_steps": 3072, "batch_size": 32, "n_epochs": 10, "_timestamp": 1720702475.648601, "_runtime": 5.9683849811553955, "_step": 0, "_wandb": {"runtime": 5}}