{"mean_reward": 74.46226992000001, "learning_rate": 0.0001, "n_steps": 1024, "batch_size": 96, "n_epochs": 20, "_timestamp": 1720634951.5047576, "_runtime": 4.493609666824341, "_step": 0, "_wandb": {"runtime": 3}}