{"mean_reward": 237.48338674, "learning_rate": 0.01, "n_steps": 3072, "batch_size": 224, "n_epochs": 50, "_timestamp": 1720636923.264911, "_runtime": 6.415254831314087, "_step": 0, "_wandb": {"runtime": 6}}