{"mean_reward": 92.63559959999999, "learning_rate": 0.001, "n_steps": 2048, "batch_size": 192, "n_epochs": 10, "_timestamp": 1720636417.6519988, "_runtime": 3.976733684539795, "_step": 0, "_wandb": {"runtime": 3}}