{"train_reward": 4.669639889270562, "_timestamp": 1720794646.1767302, "_runtime": 3.371568202972412, "_step": 0, "_wandb": {"runtime": 2}}