{"mean_reward": 88.96020835999998, "learning_rate": 0.001, "n_steps": 2048, "batch_size": 64, "n_epochs": 20, "_timestamp": 1720622105.8591058, "_runtime": 4.843293905258179, "_step": 0, "_wandb": {"runtime": 4}}