{"mean_reward": 82.33840083999999, "learning_rate": 0.0001, "n_steps": 2048, "batch_size": 224, "n_epochs": 20, "_timestamp": 1720637142.419656, "_runtime": 4.078870058059692, "_step": 0, "_wandb": {"runtime": 3}}