{"mean_reward": 219.24583646, "learning_rate": 0.001, "n_steps": 3072, "batch_size": 32, "n_epochs": 50, "_timestamp": 1720616408.013563, "_runtime": 13.312814950942993, "_step": 0, "_wandb": {"runtime": 12}}