{"mean_reward": 87.2662859, "learning_rate": 0.001, "n_steps": 1024, "batch_size": 16, "n_epochs": 50, "_timestamp": 1720697982.2540774, "_runtime": 15.091789484024048, "_step": 0, "_wandb": {"runtime": 14}}