{"mean_reward": 6.534939120000001, "learning_rate": 0.1, "n_steps": 2048, "batch_size": 192, "n_epochs": 20, "_timestamp": 1720636185.9005919, "_runtime": 3.8015148639678955, "_step": 0, "_wandb": {"runtime": 3}}