{"mean_reward": 236.36412609999996, "learning_rate": 0.01, "n_steps": 3072, "batch_size": 224, "n_epochs": 20, "_timestamp": 1720614844.7848296, "_runtime": 8.955930709838867, "_step": 0, "_wandb": {"runtime": 8}}