{"mean_reward": 80.78847786, "learning_rate": 0.0001, "n_steps": 2048, "batch_size": 32, "n_epochs": 10, "_timestamp": 1720687274.340598, "_runtime": 7.213721990585327, "_step": 0, "_wandb": {"runtime": 6}}