{"mean_reward": 101.85194306, "learning_rate": 0.01, "n_steps": 1024, "batch_size": 32, "n_epochs": 50, "_timestamp": 1720625657.7416153, "_runtime": 14.199132204055786, "_step": 0, "_wandb": {"runtime": 13}}