{"mean_reward": 4.10132478, "learning_rate": 0.1, "n_steps": 2048, "batch_size": 16, "n_epochs": 50, "_timestamp": 1720701727.2739084, "_runtime": 13.06773328781128, "_step": 0, "_wandb": {"runtime": 12}}