{"mean_reward": 5.3013574199999995, "learning_rate": 0.1, "n_steps": 1024, "batch_size": 64, "n_epochs": 10, "_timestamp": 1720621745.591478, "_runtime": 5.1710381507873535, "_step": 0, "_wandb": {"runtime": 4}}