{"mean_reward": 122.12494288000002, "learning_rate": 0.001, "n_steps": 3072, "batch_size": 224, "n_epochs": 20, "_timestamp": 1720637022.3571148, "_runtime": 5.068059682846069, "_step": 0, "_wandb": {"runtime": 4}}