{"mean_reward": 87.61653946, "learning_rate": 0.01, "n_steps": 3072, "batch_size": 32, "n_epochs": 20, "_timestamp": 1720620642.8911428, "_runtime": 7.647451877593994, "_step": 0, "_wandb": {"runtime": 7}}