{"mean_reward": 89.67411812, "learning_rate": 0.01, "n_steps": 2048, "batch_size": 64, "n_epochs": 20, "_timestamp": 1720621969.9452403, "_runtime": 5.067293167114258, "_step": 0, "_wandb": {"runtime": 4}}