{"mean_reward": 81.05142438, "learning_rate": 0.0001, "n_steps": 3072, "batch_size": 224, "n_epochs": 10, "_timestamp": 1720624924.3921332, "_runtime": 5.520693302154541, "_step": 0, "_wandb": {"runtime": 5}}