{"mean_reward": 84.21712632, "learning_rate": 0.0001, "n_steps": 2048, "batch_size": 96, "n_epochs": 10, "_timestamp": 1720634919.5518494, "_runtime": 4.220060348510742, "_step": 0, "_wandb": {"runtime": 3}}