{"mean_reward": 72.28105692000001, "learning_rate": 0.0001, "n_steps": 1024, "batch_size": 160, "n_epochs": 50, "_timestamp": 1720628460.878124, "_runtime": 7.575042009353638, "_step": 0, "_wandb": {"runtime": 7}}