{"mean_reward": 141.10031566, "learning_rate": 0.01, "n_steps": 3072, "batch_size": 192, "n_epochs": 10, "_timestamp": 1720614207.2048082, "_runtime": 8.029050350189209, "_step": 0, "_wandb": {"runtime": 7}}