{"mean_reward": 89.5411882, "learning_rate": 0.0001, "n_steps": 1024, "batch_size": 224, "n_epochs": 10, "_timestamp": 1720637079.1930208, "_runtime": 4.142187833786011, "_step": 0, "_wandb": {"runtime": 3}}