{"mean_reward": 92.03597762, "learning_rate": 0.0001, "n_steps": 2048, "batch_size": 128, "n_epochs": 20, "_timestamp": 1720613352.868487, "_runtime": 6.750779867172241, "_step": 0, "_wandb": {"runtime": 6}}