{"mean_reward": 1.71246138, "learning_rate": 0.1, "n_steps": 3072, "batch_size": 32, "n_epochs": 20, "_timestamp": 1720702376.9368098, "_runtime": 6.712583780288696, "_step": 0, "_wandb": {"runtime": 6}}