{"mean_reward": 63.62291024, "learning_rate": 0.001, "n_steps": 1024, "batch_size": 64, "n_epochs": 20, "_timestamp": 1720616902.817276, "_runtime": 4.759854078292847, "_step": 0, "_wandb": {"runtime": 4}}