{"mean_reward": 1.69013364, "learning_rate": 0.1, "n_steps": 3072, "batch_size": 32, "n_epochs": 10, "_timestamp": 1720686707.9076204, "_runtime": 7.46753454208374, "_step": 0, "_wandb": {"runtime": 7}}