{"mean_reward": 88.05500872, "learning_rate": 0.001, "n_steps": 1024, "batch_size": 16, "n_epochs": 20, "_timestamp": 1720701991.2551432, "_runtime": 7.569904088973999, "_step": 0, "_wandb": {"runtime": 7}}