{"mean_reward": 84.83016898, "learning_rate": 0.0001, "n_steps": 2048, "batch_size": 224, "n_epochs": 50, "_timestamp": 1720620089.025282, "_runtime": 5.809417009353638, "_step": 0, "_wandb": {"runtime": 5}}