{"mean_reward": 75.6773591, "learning_rate": 0.001, "n_steps": 1024, "batch_size": 128, "n_epochs": 10, "_timestamp": 1720635307.85796, "_runtime": 3.9698710441589355, "_step": 0, "_wandb": {"runtime": 3}}