{"mean_reward": 83.41340762, "learning_rate": 0.0001, "n_steps": 3072, "batch_size": 128, "n_epochs": 50, "_timestamp": 1720635579.8340616, "_runtime": 6.4839746952056885, "_step": 0, "_wandb": {"runtime": 5}}