{"mean_reward": 3.5903430800000002, "learning_rate": 0.1, "n_steps": 2048, "batch_size": 96, "n_epochs": 50, "_timestamp": 1720634610.152447, "_runtime": 4.8936309814453125, "_step": 0, "_wandb": {"runtime": 4}}