{"mean_reward": 80.36138394, "learning_rate": 0.0001, "n_steps": 3072, "batch_size": 32, "n_epochs": 20, "_timestamp": 1720698730.545245, "_runtime": 7.131547927856445, "_step": 0, "_wandb": {"runtime": 6}}