{"mean_reward": 3.0840984599999994, "learning_rate": 0.1, "n_steps": 1024, "batch_size": 64, "n_epochs": 20, "_timestamp": 1720621798.2140086, "_runtime": 5.838976621627808, "_step": 0, "_wandb": {"runtime": 5}}