{"mean_reward": 74.89093464, "learning_rate": 0.0001, "n_steps": 3072, "batch_size": 64, "n_epochs": 20, "_timestamp": 1720626630.46654, "_runtime": 6.608175992965698, "_step": 0, "_wandb": {"runtime": 6}}