{"mean_reward": 76.03399378, "learning_rate": 0.001, "n_steps": 1024, "batch_size": 160, "n_epochs": 20, "_timestamp": 1720635908.1568823, "_runtime": 4.65830135345459, "_step": 0, "_wandb": {"runtime": 4}}