{"mean_reward": 84.65839428000001, "learning_rate": 0.0001, "n_steps": 3072, "batch_size": 224, "n_epochs": 20, "_timestamp": 1720637154.6498466, "_runtime": 5.008146524429321, "_step": 0, "_wandb": {"runtime": 4}}