{"mean_reward": 76.02255566000001, "learning_rate": 0.0001, "n_steps": 2048, "batch_size": 160, "n_epochs": 50, "_timestamp": 1720623964.5174634, "_runtime": 5.886967420578003, "_step": 0, "_wandb": {"runtime": 4}}