{"mean_reward": 83.91636405999999, "std_reward": 5.552918559513275, "width_factor": 0.6, "_timestamp": 1720691742.6264713, "_runtime": 15.631015300750732, "_step": 2, "_wandb": {"runtime": 15}}