{"mean_reward": 95.17607811999999, "learning_rate": 0.0001, "n_steps": 3072, "batch_size": 32, "n_epochs": 20, "_timestamp": 1720633892.9161332, "_runtime": 7.306755065917969, "_step": 0, "_wandb": {"runtime": 6}}