{"mean_reward": 60.66286744000001, "learning_rate": 0.01, "n_steps": 1024, "batch_size": 128, "n_epochs": 10, "_timestamp": 1720617906.2479556, "_runtime": 5.5111236572265625, "_step": 0, "_wandb": {"runtime": 4}}