{"mean_reward": 67.14491516, "learning_rate": 0.0001, "n_steps": 1024, "batch_size": 64, "n_epochs": 20, "_timestamp": 1720617050.3324559, "_runtime": 5.195515871047974, "_step": 0, "_wandb": {"runtime": 4}}