{"mean_reward": 47.13632984, "learning_rate": 0.01, "n_steps": 2048, "batch_size": 32, "n_epochs": 10, "_timestamp": 1720611037.2244997, "_runtime": 5.6337738037109375, "_step": 0, "_wandb": {"runtime": 5}}