{"mean_reward": 5.989415320000001, "learning_rate": 0.1, "n_steps": 1024, "batch_size": 96, "n_epochs": 50, "_timestamp": 1720626773.1600256, "_runtime": 6.409931659698486, "_step": 0, "_wandb": {"runtime": 5}}