{"mean_reward": 100.88972024, "learning_rate": 0.01, "n_steps": 2048, "batch_size": 32, "n_epochs": 20, "_timestamp": 1720611085.5966873, "_runtime": 6.509372234344482, "_step": 0, "_wandb": {"runtime": 6}}