{"mean_reward": 81.76429531999999, "learning_rate": 0.0001, "n_steps": 3072, "batch_size": 64, "n_epochs": 50, "_timestamp": 1720612111.3671944, "_runtime": 11.358307361602783, "_step": 0, "_wandb": {"runtime": 11}}