{"mean_reward": 181.50092383999996, "learning_rate": 0.01, "n_steps": 2048, "batch_size": 160, "n_epochs": 10, "_timestamp": 1720623580.279534, "_runtime": 6.589397192001343, "_step": 0, "_wandb": {"runtime": 6}}