{"mean_reward": 3.08081886, "learning_rate": 0.1, "n_steps": 1024, "batch_size": 192, "n_epochs": 10, "_timestamp": 1720628520.780645, "_runtime": 4.759521007537842, "_step": 0, "_wandb": {"runtime": 4}}