{"mean_reward": 69.48825918, "learning_rate": 0.1, "n_steps": 2048, "batch_size": 96, "n_epochs": 50, "_timestamp": 1720622446.9158208, "_runtime": 5.3969268798828125, "_step": 0, "_wandb": {"runtime": 5}}