{"mean_reward": 84.2939732, "learning_rate": 0.0001, "n_steps": 3072, "batch_size": 192, "n_epochs": 10, "_timestamp": 1720636563.7681596, "_runtime": 4.802485704421997, "_step": 0, "_wandb": {"runtime": 4}}