{"mean_reward": 50.506073259999994, "learning_rate": 0.01, "n_steps": 3072, "batch_size": 32, "n_epochs": 20, "_timestamp": 1720702540.2611122, "_runtime": 7.593672275543213, "_step": 0, "_wandb": {"runtime": 7}}