{"mean_reward": 75.39687409999999, "learning_rate": 0.001, "n_steps": 1024, "batch_size": 96, "n_epochs": 10, "_timestamp": 1720688462.298715, "_runtime": 7.365647077560425, "_step": 0, "_wandb": {"runtime": 6}}