{"mean_reward": 80.05535226, "std_reward": 1.8696267238693796, "width_factor": 0.6, "_timestamp": 1720695546.3490012, "_runtime": 12.735627174377441, "_step": 2, "_wandb": {"runtime": 12}}