{"mean_reward": 74.29397277999999, "learning_rate": 0.0001, "n_steps": 1024, "batch_size": 128, "n_epochs": 20, "_timestamp": 1720635508.3596854, "_runtime": 4.2821924686431885, "_step": 0, "_wandb": {"runtime": 3}}