{"mean_reward": 89.40267879999999, "learning_rate": 0.0001, "n_steps": 2048, "batch_size": 192, "n_epochs": 50, "_timestamp": 1720614579.5227642, "_runtime": 7.544185161590576, "_step": 0, "_wandb": {"runtime": 7}}