{"mean_reward": 80.03358071999999, "learning_rate": 0.0001, "n_steps": 2048, "batch_size": 32, "n_epochs": 10, "_timestamp": 1720633827.6917036, "_runtime": 4.903904676437378, "_step": 0, "_wandb": {"runtime": 4}}