{"mean_reward": 9.74026304, "learning_rate": 0.01, "n_steps": 2048, "batch_size": 16, "n_epochs": 10, "_timestamp": 1720697705.8550088, "_runtime": 5.671037912368774, "_step": 0, "_wandb": {"runtime": 5}}