{"mean_reward": 82.57297516, "std_reward": 2.6067172220617283, "width_factor": 0.6, "_timestamp": 1720694731.8120956, "_runtime": 17.887037754058838, "_step": 2, "_wandb": {"runtime": 17}}