{"mean_reward": 89.59559874, "learning_rate": 0.0001, "n_steps": 2048, "batch_size": 128, "n_epochs": 10, "_timestamp": 1720613305.7586076, "_runtime": 6.771068572998047, "_step": 0, "_wandb": {"runtime": 6}}