{"mean_reward": 64.92196934, "learning_rate": 0.001, "n_steps": 1024, "batch_size": 96, "n_epochs": 20, "_timestamp": 1720617500.233706, "_runtime": 4.500777959823608, "_step": 0, "_wandb": {"runtime": 4}}