{"mean_reward": 80.81939328, "learning_rate": 0.001, "n_steps": 3072, "batch_size": 96, "n_epochs": 10, "_timestamp": 1720622637.0334406, "_runtime": 5.175901651382446, "_step": 0, "_wandb": {"runtime": 4}}