{"mean_reward": 95.87846336000001, "learning_rate": 0.01, "n_steps": 1024, "batch_size": 32, "n_epochs": 50, "_timestamp": 1720702559.0314667, "_runtime": 9.631215810775757, "_step": 0, "_wandb": {"runtime": 9}}