{"mean_reward": 5.8462610800000006, "learning_rate": 0.1, "n_steps": 2048, "batch_size": 48, "n_epochs": 20, "_timestamp": 1720698844.7187579, "_runtime": 4.816725969314575, "_step": 0, "_wandb": {"runtime": 4}}