{"mean_reward": 82.17415814, "learning_rate": 0.0001, "n_steps": 1024, "batch_size": 64, "n_epochs": 10, "_timestamp": 1720634372.9634335, "_runtime": 4.527768611907959, "_step": 0, "_wandb": {"runtime": 4}}