{"mean_reward": 79.90517264, "std_reward": 1.7821884874890066, "width_factor": 0.6, "_timestamp": 1720695798.8767927, "_runtime": 23.64116859436035, "_step": 2, "_wandb": {"runtime": 23}}