{"mean_reward": 0.87559046, "learning_rate": 0.1, "n_steps": 3072, "batch_size": 224, "n_epochs": 20, "_timestamp": 1720619650.7603576, "_runtime": 6.145568609237671, "_step": 0, "_wandb": {"runtime": 5}}