{"mean_reward": 82.67905796000001, "learning_rate": 0.0001, "n_steps": 2048, "batch_size": 64, "n_epochs": 20, "_timestamp": 1720617062.3770568, "_runtime": 5.930608749389648, "_step": 0, "_wandb": {"runtime": 5}}