{"mean_reward": 214.94534212000002, "learning_rate": 0.01, "n_steps": 1024, "batch_size": 128, "n_epochs": 20, "_timestamp": 1720689035.257704, "_runtime": 10.621789932250977, "_step": 0, "_wandb": {"runtime": 10}}