{"mean_reward": 143.51506004000004, "learning_rate": 0.001, "n_steps": 3072, "batch_size": 32, "n_epochs": 20, "_timestamp": 1720625816.0604663, "_runtime": 12.938535213470459, "_step": 0, "_wandb": {"runtime": 12}}