{"mean_reward": 81.48320962000001, "learning_rate": 0.001, "n_steps": 2048, "batch_size": 128, "n_epochs": 10, "_timestamp": 1720623121.4674819, "_runtime": 4.185417890548706, "_step": 0, "_wandb": {"runtime": 3}}