{"mean_reward": 78.38590983999998, "learning_rate": 0.0001, "n_steps": 3072, "batch_size": 224, "n_epochs": 20, "_timestamp": 1720629659.4618285, "_runtime": 7.787061452865601, "_step": 0, "_wandb": {"runtime": 7}}