{"mean_reward": 74.22508704, "learning_rate": 0.001, "n_steps": 1024, "batch_size": 64, "n_epochs": 10, "_timestamp": 1720622047.7463546, "_runtime": 4.467721462249756, "_step": 0, "_wandb": {"runtime": 4}}