{"mean_reward": 80.53910544, "learning_rate": 0.001, "n_steps": 1024, "batch_size": 32, "n_epochs": 20, "_timestamp": 1720633723.0149105, "_runtime": 5.756061553955078, "_step": 0, "_wandb": {"runtime": 5}}