{"mean_reward": 88.54970700000001, "learning_rate": 0.001, "n_steps": 2048, "batch_size": 48, "n_epochs": 20, "_timestamp": 1720703221.5840824, "_runtime": 5.143191337585449, "_step": 0, "_wandb": {"runtime": 4}}