{"mean_reward": 76.73927626, "learning_rate": 0.0001, "n_steps": 3072, "batch_size": 32, "n_epochs": 10, "_timestamp": 1720698682.1760924, "_runtime": 5.926736354827881, "_step": 0, "_wandb": {"runtime": 5}}