{"mean_reward": 82.4066814, "learning_rate": 0.0001, "n_steps": 2048, "batch_size": 96, "n_epochs": 50, "_timestamp": 1720617699.2457068, "_runtime": 8.759214878082275, "_step": 0, "_wandb": {"runtime": 8}}