{"mean_reward": 199.47149132, "learning_rate": 0.001, "n_steps": 2048, "batch_size": 96, "n_epochs": 10, "_timestamp": 1720622625.1434996, "_runtime": 4.818271636962891, "_step": 0, "_wandb": {"runtime": 4}}