{"mean_reward": 3.5572011199999998, "learning_rate": 0.1, "n_steps": 3072, "batch_size": 192, "n_epochs": 10, "_timestamp": 1720624020.166337, "_runtime": 4.072664022445679, "_step": 0, "_wandb": {"runtime": 3}}