{"mean_reward": 78.01632982, "learning_rate": 0.0001, "n_steps": 3072, "batch_size": 48, "n_epochs": 50, "_timestamp": 1720699324.4423637, "_runtime": 9.097104787826538, "_step": 0, "_wandb": {"runtime": 8}}