{"mean_reward": 112.37828915999998, "learning_rate": 0.01, "n_steps": 1024, "batch_size": 224, "n_epochs": 50, "_timestamp": 1720636889.7055473, "_runtime": 4.642191410064697, "_step": 0, "_wandb": {"runtime": 4}}