{"mean_reward": 74.8168409, "learning_rate": 0.0001, "n_steps": 1024, "batch_size": 64, "n_epochs": 50, "_timestamp": 1720634467.785867, "_runtime": 5.9983179569244385, "_step": 0, "_wandb": {"runtime": 5}}