{"mean_reward": 27.53742072, "learning_rate": 0.1, "n_steps": 3072, "batch_size": 32, "n_epochs": 10, "_timestamp": 1720698245.956336, "_runtime": 5.785723924636841, "_step": 0, "_wandb": {"runtime": 5}}