{"mean_reward": 61.491895920000005, "learning_rate": 0.01, "n_steps": 2048, "batch_size": 192, "n_epochs": 10, "_timestamp": 1720636282.3594627, "_runtime": 4.059304714202881, "_step": 0, "_wandb": {"runtime": 3}}