{"mean_reward": 90.36699492000001, "learning_rate": 0.001, "n_steps": 3072, "batch_size": 32, "n_epochs": 10, "_timestamp": 1720702634.9395077, "_runtime": 6.247927665710449, "_step": 0, "_wandb": {"runtime": 5}}