{"mean_reward": 170.80995476, "learning_rate": 0.01, "n_steps": 3072, "batch_size": 128, "n_epochs": 50, "_timestamp": 1720623097.4226217, "_runtime": 6.991707801818848, "_step": 0, "_wandb": {"runtime": 6}}