{"mean_reward": 112.76365619999999, "learning_rate": 0.01, "n_steps": 3072, "batch_size": 64, "n_epochs": 10, "_timestamp": 1720687611.4449677, "_runtime": 8.763394832611084, "_step": 0, "_wandb": {"runtime": 8}}