{"mean_reward": 80.63811814, "std_reward": 1.8364256505468002, "width_factor": 0.6, "_timestamp": 1720695688.3246696, "_runtime": 12.321370601654053, "_step": 2, "_wandb": {"runtime": 11}}