{"mean_reward": 11.29475384, "learning_rate": 0.1, "n_steps": 3072, "batch_size": 160, "n_epochs": 20, "_timestamp": 1720613512.0062199, "_runtime": 7.974968910217285, "_step": 0, "_wandb": {"runtime": 7}}