{"mean_reward": 94.31808837999999, "learning_rate": 0.0001, "n_steps": 2048, "batch_size": 16, "n_epochs": 50, "_timestamp": 1720698180.166021, "_runtime": 12.57036018371582, "_step": 0, "_wandb": {"runtime": 12}}