{"mean_reward": 90.9660435, "learning_rate": 0.0001, "n_steps": 2048, "batch_size": 32, "n_epochs": 50, "_timestamp": 1720633925.540433, "_runtime": 8.764916896820068, "_step": 0, "_wandb": {"runtime": 8}}