{"mean_reward": 86.41189181999998, "learning_rate": 0.0001, "n_steps": 2048, "batch_size": 64, "n_epochs": 10, "_timestamp": 1720611986.449236, "_runtime": 7.320357799530029, "_step": 0, "_wandb": {"runtime": 6}}