{"mean_reward": 74.68566926, "learning_rate": 0.0001, "n_steps": 1024, "batch_size": 128, "n_epochs": 20, "_timestamp": 1720689373.6110547, "_runtime": 6.480194568634033, "_step": 0, "_wandb": {"runtime": 6}}