{"mean_reward": 71.48651794, "learning_rate": 0.01, "n_steps": 3072, "batch_size": 160, "n_epochs": 20, "_timestamp": 1720628129.8462255, "_runtime": 6.934563398361206, "_step": 0, "_wandb": {"runtime": 6}}