{"mean_reward": 84.76022858, "learning_rate": 0.001, "n_steps": 3072, "batch_size": 160, "n_epochs": 20, "_timestamp": 1720618750.71326, "_runtime": 10.321403980255127, "_step": 0, "_wandb": {"runtime": 9}}