{"mean_reward": 77.07456671999999, "learning_rate": 0.001, "n_steps": 1024, "batch_size": 96, "n_epochs": 50, "_timestamp": 1720622699.4657266, "_runtime": 5.506585597991943, "_step": 0, "_wandb": {"runtime": 5}}