{"mean_reward": 5.2956534799999995, "learning_rate": 0.1, "n_steps": 2048, "batch_size": 64, "n_epochs": 10, "_timestamp": 1720611496.4871519, "_runtime": 3.88533091545105, "_step": 0, "_wandb": {"runtime": 3}}