{"mean_reward": 160.23422767999998, "learning_rate": 0.001, "n_steps": 3072, "batch_size": 192, "n_epochs": 50, "_timestamp": 1720614449.3870656, "_runtime": 8.93232274055481, "_step": 0, "_wandb": {"runtime": 8}}