{"mean_reward": 436.27515508, "std_reward": 1.7140059842075472, "width_factor": 0.6, "_timestamp": 1720701378.6362839, "_runtime": 22.53047490119934, "_step": 2, "_wandb": {"runtime": 22}}