{"mean_reward": 155.36287613999997, "learning_rate": 0.01, "n_steps": 2048, "batch_size": 96, "n_epochs": 50, "_timestamp": 1720688413.3477, "_runtime": 11.021914005279541, "_step": 0, "_wandb": {"runtime": 10}}