{"mean_reward": 5.845839879999999, "learning_rate": 0.1, "n_steps": 1024, "batch_size": 64, "n_epochs": 10, "_timestamp": 1720611485.1913657, "_runtime": 3.946042776107788, "_step": 0, "_wandb": {"runtime": 3}}