{"mean_reward": 76.54837228, "learning_rate": 0.001, "n_steps": 1024, "batch_size": 224, "n_epochs": 20, "_timestamp": 1720636989.4362123, "_runtime": 3.9578893184661865, "_step": 0, "_wandb": {"runtime": 3}}