{"mean_reward": 79.2360227, "learning_rate": 0.0001, "n_steps": 3072, "batch_size": 16, "n_epochs": 20, "_timestamp": 1720698135.9921186, "_runtime": 10.287585496902466, "_step": 0, "_wandb": {"runtime": 9}}