{"mean_reward": 0.2491498, "learning_rate": 0.1, "n_steps": 2048, "batch_size": 32, "n_epochs": 10, "_timestamp": 1720633389.8711421, "_runtime": 4.036279201507568, "_step": 0, "_wandb": {"runtime": 3}}