{"mean_reward": 76.82845272, "learning_rate": 0.0001, "n_steps": 3072, "batch_size": 32, "n_epochs": 10, "_timestamp": 1720621589.9132156, "_runtime": 9.274012565612793, "_step": 0, "_wandb": {"runtime": 8}}