{"mean_reward": 218.36377952000004, "learning_rate": 0.01, "n_steps": 3072, "batch_size": 160, "n_epochs": 50, "_timestamp": 1720613704.5164063, "_runtime": 11.976938247680664, "_step": 0, "_wandb": {"runtime": 11}}