{"mean_reward": 69.64632092, "learning_rate": 0.1, "n_steps": 3072, "batch_size": 192, "n_epochs": 50, "_timestamp": 1720636252.1172385, "_runtime": 5.846709489822388, "_step": 0, "_wandb": {"runtime": 5}}