{"mean_reward": 5.8440743, "learning_rate": 0.1, "n_steps": 1024, "batch_size": 128, "n_epochs": 10, "_timestamp": 1720627280.2634706, "_runtime": 3.250121593475342, "_step": 0, "_wandb": {"runtime": 2}}