{"mean_reward": 3.55546002, "std_reward": 0.10732639058563183, "width_factor": 0.6, "_timestamp": 1720689863.3746684, "_runtime": 28.238283395767212, "_step": 2, "_wandb": {"runtime": 27}}