{"mean_reward": 98.03171810000002, "learning_rate": 0.001, "n_steps": 2048, "batch_size": 192, "n_epochs": 20, "_timestamp": 1720636463.4366813, "_runtime": 4.336851358413696, "_step": 0, "_wandb": {"runtime": 3}}