{"mean_reward": 80.79217507999999, "learning_rate": 0.0001, "n_steps": 1024, "batch_size": 96, "n_epochs": 10, "_timestamp": 1720612619.4818816, "_runtime": 6.510699510574341, "_step": 0, "_wandb": {"runtime": 6}}