{"mean_reward": 68.89825384, "learning_rate": 0.001, "n_steps": 1024, "batch_size": 224, "n_epochs": 20, "_timestamp": 1720619884.6470654, "_runtime": 4.64558744430542, "_step": 0, "_wandb": {"runtime": 4}}