{"mean_reward": 75.59801931999999, "learning_rate": 0.0001, "n_steps": 3072, "batch_size": 128, "n_epochs": 20, "_timestamp": 1720613370.6761854, "_runtime": 7.9407923221588135, "_step": 0, "_wandb": {"runtime": 7}}