{"mean_reward": 67.54330288000001, "learning_rate": 0.001, "n_steps": 1024, "batch_size": 192, "n_epochs": 10, "_timestamp": 1720619292.6307437, "_runtime": 4.4138476848602295, "_step": 0, "_wandb": {"runtime": 4}}