{"mean_reward": 3.0876235399999996, "learning_rate": 0.1, "n_steps": 2048, "batch_size": 224, "n_epochs": 20, "_timestamp": 1720629178.9952934, "_runtime": 5.326686382293701, "_step": 0, "_wandb": {"runtime": 4}}