{"mean_reward": 284.9034787, "learning_rate": 0.01, "n_steps": 1024, "batch_size": 128, "n_epochs": 50, "_timestamp": 1720627540.4003637, "_runtime": 13.242884635925293, "_step": 0, "_wandb": {"runtime": 12}}