{"mean_reward": 69.15147449999999, "learning_rate": 0.001, "n_steps": 1024, "batch_size": 160, "n_epochs": 20, "_timestamp": 1720618715.717359, "_runtime": 6.262861967086792, "_step": 0, "_wandb": {"runtime": 5}}