{"mean_reward": 5.8440743, "learning_rate": 0.1, "n_steps": 1024, "batch_size": 128, "n_epochs": 10, "_timestamp": 1720622861.6752388, "_runtime": 3.1943857669830322, "_step": 0, "_wandb": {"runtime": 2}}