{"mean_reward": 90.24900502, "learning_rate": 0.0001, "n_steps": 2048, "batch_size": 224, "n_epochs": 10, "_timestamp": 1720624909.9665036, "_runtime": 6.09595251083374, "_step": 0, "_wandb": {"runtime": 5}}