{"mean_reward": 88.36977162000001, "learning_rate": 0.0001, "n_steps": 2048, "batch_size": 192, "n_epochs": 10, "_timestamp": 1720636548.615395, "_runtime": 5.148583173751831, "_step": 0, "_wandb": {"runtime": 3}}