{"mean_reward": 77.87207302, "learning_rate": 0.0001, "n_steps": 2048, "batch_size": 160, "n_epochs": 50, "_timestamp": 1720636097.3528755, "_runtime": 4.796300411224365, "_step": 0, "_wandb": {"runtime": 4}}