{"mean_reward": 170.80995476, "learning_rate": 0.01, "n_steps": 3072, "batch_size": 128, "n_epochs": 50, "_timestamp": 1720627583.1412916, "_runtime": 14.236746549606323, "_step": 0, "_wandb": {"runtime": 13}}