{"mean_reward": 79.4030583, "learning_rate": 0.0001, "n_steps": 1024, "batch_size": 128, "n_epochs": 20, "_timestamp": 1720613337.0269988, "_runtime": 6.452996730804443, "_step": 0, "_wandb": {"runtime": 6}}