{"mean_reward": 150.86046478, "learning_rate": 0.001, "n_steps": 3072, "batch_size": 96, "n_epochs": 50, "_timestamp": 1720622727.4559722, "_runtime": 7.445464134216309, "_step": 0, "_wandb": {"runtime": 7}}