{"mean_reward": 220.09370198, "learning_rate": 0.01, "n_steps": 2048, "batch_size": 96, "n_epochs": 20, "_timestamp": 1720622541.6152792, "_runtime": 5.224209308624268, "_step": 0, "_wandb": {"runtime": 4}}