{"mean_reward": 6.0718949, "learning_rate": 0.1, "n_steps": 1024, "batch_size": 224, "n_epochs": 50, "_timestamp": 1720636748.1026642, "_runtime": 4.122851133346558, "_step": 0, "_wandb": {"runtime": 3}}