{"mean_reward": 85.37538816000001, "learning_rate": 0.001, "n_steps": 2048, "batch_size": 224, "n_epochs": 10, "_timestamp": 1720636957.7150712, "_runtime": 3.982394218444824, "_step": 0, "_wandb": {"runtime": 3}}