{"mean_reward": 87.58106826, "learning_rate": 0.0001, "n_steps": 3072, "batch_size": 96, "n_epochs": 20, "_timestamp": 1720634987.8638256, "_runtime": 5.544167518615723, "_step": 0, "_wandb": {"runtime": 5}}