{"mean_reward": 75.13189872, "learning_rate": 0.0001, "n_steps": 1024, "batch_size": 32, "n_epochs": 10, "_timestamp": 1720687258.6355546, "_runtime": 7.363098621368408, "_step": 0, "_wandb": {"runtime": 7}}