{"mean_reward": 96.04347160000002, "learning_rate": 0.001, "n_steps": 2048, "batch_size": 32, "n_epochs": 50, "_timestamp": 1720698617.0978022, "_runtime": 8.471651077270508, "_step": 0, "_wandb": {"runtime": 8}}