{"mean_reward": 71.69429936, "learning_rate": 0.0001, "n_steps": 1024, "batch_size": 128, "n_epochs": 50, "_timestamp": 1720613385.902969, "_runtime": 7.485301971435547, "_step": 0, "_wandb": {"runtime": 7}}