{"train_reward": 4.669639889270562, "_timestamp": 1720794671.12748, "_runtime": 2.6870179176330566, "_step": 0, "_wandb": {"runtime": 2}}