{"mean_reward": 139.22294406, "learning_rate": 0.001, "n_steps": 3072, "batch_size": 160, "n_epochs": 20, "_timestamp": 1720628294.869867, "_runtime": 8.52377200126648, "_step": 0, "_wandb": {"runtime": 8}}