{"mean_reward": 72.97949086, "learning_rate": 0.001, "n_steps": 1024, "batch_size": 160, "n_epochs": 20, "_timestamp": 1720613777.241172, "_runtime": 6.613470077514648, "_step": 0, "_wandb": {"runtime": 6}}