{"mean_reward": 80.42329083999999, "learning_rate": 0.01, "n_steps": 1024, "batch_size": 96, "n_epochs": 20, "_timestamp": 1720688337.3985498, "_runtime": 7.426776885986328, "_step": 0, "_wandb": {"runtime": 7}}