{"mean_reward": 231.11163068, "learning_rate": 0.01, "n_steps": 3072, "batch_size": 96, "n_epochs": 20, "_timestamp": 1720626905.344164, "_runtime": 7.5628509521484375, "_step": 0, "_wandb": {"runtime": 7}}