{"mean_reward": 7.24060098, "learning_rate": 0.1, "n_steps": 3072, "batch_size": 64, "n_epochs": 20, "_timestamp": 1720621837.5313492, "_runtime": 8.498011112213135, "_step": 0, "_wandb": {"runtime": 8}}