{"mean_reward": 101.3463386, "learning_rate": 0.01, "n_steps": 1024, "batch_size": 128, "n_epochs": 10, "_timestamp": 1720612955.9301248, "_runtime": 7.530127763748169, "_step": 0, "_wandb": {"runtime": 7}}