{"mean_reward": 86.91865333999998, "learning_rate": 0.01, "n_steps": 3072, "batch_size": 32, "n_epochs": 10, "_timestamp": 1720686911.839501, "_runtime": 8.783298969268799, "_step": 0, "_wandb": {"runtime": 8}}