{"mean_reward": 5.44847422, "learning_rate": 0.1, "n_steps": 2048, "batch_size": 192, "n_epochs": 10, "_timestamp": 1720614043.681414, "_runtime": 6.507258892059326, "_step": 0, "_wandb": {"runtime": 6}}