{"mean_reward": 123.93297468, "std_reward": 3.735883734589183, "width_factor": 0.6, "_timestamp": 1720690867.7132308, "_runtime": 18.035239934921265, "_step": 2, "_wandb": {"runtime": 17}}