{"mean_reward": 83.83476490000001, "learning_rate": 0.0001, "n_steps": 3072, "batch_size": 160, "n_epochs": 50, "_timestamp": 1720636110.0554295, "_runtime": 6.16721248626709, "_step": 0, "_wandb": {"runtime": 5}}