{"mean_reward": 3.0850838599999997, "learning_rate": 0.1, "n_steps": 3072, "batch_size": 192, "n_epochs": 10, "_timestamp": 1720619045.3995957, "_runtime": 7.687536716461182, "_step": 0, "_wandb": {"runtime": 7}}