{"mean_reward": -1.4131785200000002, "learning_rate": 0.1, "n_steps": 2048, "batch_size": 224, "n_epochs": 10, "_timestamp": 1720619591.6844122, "_runtime": 4.622040271759033, "_step": 0, "_wandb": {"runtime": 4}}