{"mean_reward": 5.305239059999999, "learning_rate": 0.1, "n_steps": 1024, "batch_size": 192, "n_epochs": 10, "_timestamp": 1720614026.9481924, "_runtime": 5.2366602420806885, "_step": 0, "_wandb": {"runtime": 4}}