{"mean_reward": 3.5572011199999998, "learning_rate": 0.1, "n_steps": 3072, "batch_size": 192, "n_epochs": 10, "_timestamp": 1720628551.924503, "_runtime": 6.648096084594727, "_step": 0, "_wandb": {"runtime": 5}}