{"mean_reward": 77.20710468, "learning_rate": 0.01, "n_steps": 3072, "batch_size": 192, "n_epochs": 10, "_timestamp": 1720619173.8410413, "_runtime": 6.205949306488037, "_step": 0, "_wandb": {"runtime": 5}}