{"mean_reward": 116.63185505999999, "learning_rate": 0.001, "n_steps": 2048, "batch_size": 192, "n_epochs": 20, "_timestamp": 1720624307.1734333, "_runtime": 4.260198354721069, "_step": 0, "_wandb": {"runtime": 3}}