{"mean_reward": 83.89498004, "std_reward": 4.251512019122646, "width_factor": 0.6, "_timestamp": 1720691622.9635284, "_runtime": 15.415575504302979, "_step": 2, "_wandb": {"runtime": 15}}