{"mean_reward": 181.36128864000005, "learning_rate": 0.01, "n_steps": 1024, "batch_size": 128, "n_epochs": 50, "_timestamp": 1720618023.5404737, "_runtime": 8.043762683868408, "_step": 0, "_wandb": {"runtime": 7}}