{"mean_reward": 79.07181508, "learning_rate": 0.0001, "n_steps": 1024, "batch_size": 224, "n_epochs": 20, "_timestamp": 1720637122.0196595, "_runtime": 4.051093578338623, "_step": 0, "_wandb": {"runtime": 3}}