{"mean_reward": 1.6976229800000002, "learning_rate": 0.1, "n_steps": 3072, "batch_size": 128, "n_epochs": 20, "_timestamp": 1720635104.6594243, "_runtime": 4.551237344741821, "_step": 0, "_wandb": {"runtime": 4}}