{"mean_reward": 175.54813931999996, "learning_rate": 0.001, "n_steps": 3072, "batch_size": 32, "n_epochs": 50, "_timestamp": 1720621543.0882487, "_runtime": 20.2472026348114, "_step": 0, "_wandb": {"runtime": 19}}