{"mean_reward": 75.32966144, "learning_rate": 0.0001, "n_steps": 3072, "batch_size": 96, "n_epochs": 20, "_timestamp": 1720627214.8118985, "_runtime": 6.0895514488220215, "_step": 0, "_wandb": {"runtime": 10}}