{"mean_reward": 70.35803225999999, "learning_rate": 0.0001, "n_steps": 1024, "batch_size": 32, "n_epochs": 10, "_timestamp": 1720611341.6596227, "_runtime": 5.906977653503418, "_step": 0, "_wandb": {"runtime": 5}}