{"mean_reward": 204.03640838000004, "learning_rate": 0.01, "n_steps": 3072, "batch_size": 64, "n_epochs": 10, "_timestamp": 1720626274.8421555, "_runtime": 8.169350385665894, "_step": 0, "_wandb": {"runtime": 7}}