{"mean_reward": 0.23091728, "learning_rate": 0.1, "n_steps": 2048, "batch_size": 32, "n_epochs": 50, "_timestamp": 1720686807.206731, "_runtime": 11.646423101425171, "_step": 0, "_wandb": {"runtime": 11}}