{"mean_reward": 24.334411879999998, "learning_rate": 0.01, "n_steps": 3072, "batch_size": 32, "n_epochs": 10, "_timestamp": 1720698388.9441931, "_runtime": 5.7484002113342285, "_step": 0, "_wandb": {"runtime": 5}}