{"mean_reward": 132.50712994000003, "std_reward": 54.99845136687668, "width_factor": 0.6, "_timestamp": 1720690612.3654902, "_runtime": 17.612101316452026, "_step": 2, "_wandb": {"runtime": 17}}