{"mean_reward": -0.16926007999999995, "learning_rate": 0.1, "n_steps": 1024, "batch_size": 64, "n_epochs": 20, "_timestamp": 1720611532.8611734, "_runtime": 4.5595715045928955, "_step": 0, "_wandb": {"runtime": 4}}