{"mean_reward": 83.42116700000001, "learning_rate": 0.001, "n_steps": 2048, "batch_size": 16, "n_epochs": 20, "_timestamp": 1720702006.3698273, "_runtime": 7.309897184371948, "_step": 0, "_wandb": {"runtime": 6}}