{"mean_reward": 5.05319854, "learning_rate": 0.1, "n_steps": 3072, "batch_size": 96, "n_epochs": 20, "_timestamp": 1720634584.1585839, "_runtime": 5.491153955459595, "_step": 0, "_wandb": {"runtime": 4}}