{"mean_reward": 81.78181955999999, "learning_rate": 0.0001, "n_steps": 3072, "batch_size": 192, "n_epochs": 50, "_timestamp": 1720614597.4979832, "_runtime": 10.041580200195312, "_step": 0, "_wandb": {"runtime": 9}}