{"mean_reward": 131.21882128, "learning_rate": 0.01, "n_steps": 3072, "batch_size": 96, "n_epochs": 50, "_timestamp": 1720688438.6389883, "_runtime": 15.528887271881104, "_step": 0, "_wandb": {"runtime": 15}}