{"mean_reward": 77.24112171999998, "learning_rate": 0.0001, "n_steps": 2048, "batch_size": 48, "n_epochs": 10, "_timestamp": 1720699205.6015666, "_runtime": 4.517629623413086, "_step": 0, "_wandb": {"runtime": 4}}