{"mean_reward": 82.80780232000001, "learning_rate": 0.0001, "n_steps": 3072, "batch_size": 192, "n_epochs": 50, "_timestamp": 1720636660.1626894, "_runtime": 5.70318341255188, "_step": 0, "_wandb": {"runtime": 5}}