{"mean_reward": 3.5597968000000004, "learning_rate": 0.1, "n_steps": 1024, "batch_size": 128, "n_epochs": 50, "_timestamp": 1720622926.9362326, "_runtime": 4.449720621109009, "_step": 0, "_wandb": {"runtime": 4}}