{"mean_reward": 78.47852032, "learning_rate": 0.01, "n_steps": 1024, "batch_size": 224, "n_epochs": 10, "_timestamp": 1720636794.2099142, "_runtime": 4.043625116348267, "_step": 0, "_wandb": {"runtime": 3}}