{"mean_reward": 93.23537998, "learning_rate": 0.01, "n_steps": 3072, "batch_size": 96, "n_epochs": 10, "_timestamp": 1720617316.258823, "_runtime": 8.477425813674927, "_step": 0, "_wandb": {"runtime": 8}}