{"mean_reward": 82.44070974, "learning_rate": 0.01, "n_steps": 2048, "batch_size": 160, "n_epochs": 10, "_timestamp": 1720618512.1939127, "_runtime": 6.668838739395142, "_step": 0, "_wandb": {"runtime": 6}}