{"mean_reward": 7.44727714, "learning_rate": 0.1, "n_steps": 2048, "batch_size": 192, "n_epochs": 20, "_timestamp": 1720628583.189231, "_runtime": 6.3260178565979, "_step": 0, "_wandb": {"runtime": 6}}