{"mean_reward": 99.63297142000002, "learning_rate": 0.01, "n_steps": 2048, "batch_size": 32, "n_epochs": 10, "_timestamp": 1720702460.3837826, "_runtime": 5.113174676895142, "_step": 0, "_wandb": {"runtime": 4}}