{"mean_reward": 1.7051410599999999, "learning_rate": 0.1, "n_steps": 2048, "batch_size": 160, "n_epochs": 50, "_timestamp": 1720623533.5114067, "_runtime": 6.24547266960144, "_step": 0, "_wandb": {"runtime": 5}}