{"mean_reward": 3.60782126, "learning_rate": 0.1, "n_steps": 3072, "batch_size": 96, "n_epochs": 10, "_timestamp": 1720622367.7635615, "_runtime": 4.359213590621948, "_step": 0, "_wandb": {"runtime": 3}}