{"mean_reward": 75.86368504000001, "learning_rate": 0.0001, "n_steps": 3072, "batch_size": 160, "n_epochs": 50, "_timestamp": 1720628500.0072412, "_runtime": 9.937297344207764, "_step": 0, "_wandb": {"runtime": 9}}