{"mean_reward": 76.54713098, "learning_rate": 0.0001, "n_steps": 1024, "batch_size": 32, "n_epochs": 50, "_timestamp": 1720698747.0791087, "_runtime": 8.317608833312988, "_step": 0, "_wandb": {"runtime": 8}}