{"mean_reward": 80.37992292000001, "learning_rate": 0.0001, "n_steps": 2048, "batch_size": 64, "n_epochs": 10, "_timestamp": 1720634393.1068225, "_runtime": 4.266246557235718, "_step": 0, "_wandb": {"runtime": 3}}