{"mean_reward": 91.20485882000001, "learning_rate": 0.01, "n_steps": 2048, "batch_size": 96, "n_epochs": 10, "_timestamp": 1720622493.3270383, "_runtime": 4.374725341796875, "_step": 0, "_wandb": {"runtime": 4}}