{"mean_reward": 92.31722574, "learning_rate": 0.001, "n_steps": 1024, "batch_size": 32, "n_epochs": 50, "_timestamp": 1720621490.6019592, "_runtime": 14.417896270751953, "_step": 0, "_wandb": {"runtime": 14}}