{"mean_reward": 72.1354058, "learning_rate": 0.001, "n_steps": 1024, "batch_size": 192, "n_epochs": 10, "_timestamp": 1720636406.754281, "_runtime": 3.858130931854248, "_step": 0, "_wandb": {"runtime": 3}}