{"mean_reward": 251.72425228, "learning_rate": 0.001, "n_steps": 3072, "batch_size": 32, "n_epochs": 20, "_timestamp": 1720687157.0878687, "_runtime": 14.03829574584961, "_step": 0, "_wandb": {"runtime": 13}}