{"mean_reward": 119.3246062, "learning_rate": 0.01, "n_steps": 2048, "batch_size": 96, "n_epochs": 50, "_timestamp": 1720626936.1888666, "_runtime": 6.999001502990723, "_step": 0, "_wandb": {"runtime": 6}}