{"mean_reward": 5.828602399999999, "learning_rate": 0.1, "n_steps": 2048, "batch_size": 128, "n_epochs": 10, "_timestamp": 1720617764.8705451, "_runtime": 6.804513216018677, "_step": 0, "_wandb": {"runtime": 6}}