{"mean_reward": 62.091066599999984, "learning_rate": 0.01, "n_steps": 3072, "batch_size": 32, "n_epochs": 50, "_timestamp": 1720698488.6991673, "_runtime": 11.356640338897705, "_step": 0, "_wandb": {"runtime": 11}}