{"mean_reward": 73.38357466000001, "learning_rate": 0.01, "n_steps": 1024, "batch_size": 192, "n_epochs": 10, "_timestamp": 1720619146.143441, "_runtime": 4.361611843109131, "_step": 0, "_wandb": {"runtime": 4}}