{"mean_reward": 75.84676774, "learning_rate": 0.0001, "n_steps": 2048, "batch_size": 224, "n_epochs": 50, "_timestamp": 1720624994.207031, "_runtime": 6.77976393699646, "_step": 0, "_wandb": {"runtime": 6}}