{"mean_reward": 74.2873545, "learning_rate": 0.0001, "n_steps": 1024, "batch_size": 160, "n_epochs": 50, "_timestamp": 1720636082.893014, "_runtime": 4.8077380657196045, "_step": 0, "_wandb": {"runtime": 4}}