{"mean_reward": 84.88292459999998, "learning_rate": 0.0001, "n_steps": 3072, "batch_size": 160, "n_epochs": 10, "_timestamp": 1720636028.4927304, "_runtime": 4.849703311920166, "_step": 0, "_wandb": {"runtime": 4}}