{"mean_reward": 51.89959146000001, "learning_rate": 0.01, "n_steps": 3072, "batch_size": 32, "n_epochs": 50, "_timestamp": 1720687041.598726, "_runtime": 18.420318126678467, "_step": 0, "_wandb": {"runtime": 17}}