{"mean_reward": 260.17377872, "std_reward": 1.8493351115843433, "width_factor": 0.6, "_timestamp": 1720705168.4744165, "_runtime": 59.61915040016174, "_step": 2, "_wandb": {"runtime": 59}}