{"mean_reward": 1.7030133599999997, "learning_rate": 0.1, "n_steps": 3072, "batch_size": 32, "n_epochs": 50, "_timestamp": 1720702428.2144575, "_runtime": 10.845659494400024, "_step": 0, "_wandb": {"runtime": 10}}