{"mean_reward": 143.17785130000001, "learning_rate": 0.01, "n_steps": 2048, "batch_size": 32, "n_epochs": 50, "_timestamp": 1720611149.9830177, "_runtime": 8.679649591445923, "_step": 0, "_wandb": {"runtime": 8}}