{"mean_reward": 6.636548240000001, "learning_rate": 0.1, "n_steps": 1024, "batch_size": 48, "n_epochs": 50, "_timestamp": 1720702987.0796921, "_runtime": 6.433448076248169, "_step": 0, "_wandb": {"runtime": 6}}