{"mean_reward": 174.83408158000003, "learning_rate": 0.001, "n_steps": 3072, "batch_size": 32, "n_epochs": 50, "_timestamp": 1720698636.9301674, "_runtime": 12.941409349441528, "_step": 0, "_wandb": {"runtime": 12}}