{"mean_reward": 76.1750438, "learning_rate": 0.01, "n_steps": 1024, "batch_size": 96, "n_epochs": 10, "_timestamp": 1720626819.6626573, "_runtime": 5.897287368774414, "_step": 0, "_wandb": {"runtime": 5}}