{"mean_reward": 78.38505802, "learning_rate": 0.0001, "n_steps": 3072, "batch_size": 192, "n_epochs": 20, "_timestamp": 1720629058.2046332, "_runtime": 5.355685234069824, "_step": 0, "_wandb": {"runtime": 5}}