{"mean_reward": 87.53952727999999, "learning_rate": 0.001, "n_steps": 3072, "batch_size": 32, "n_epochs": 10, "_timestamp": 1720616302.77808, "_runtime": 7.074245929718018, "_step": 0, "_wandb": {"runtime": 6}}