{"mean_reward": 3.59278566, "learning_rate": 0.1, "n_steps": 3072, "batch_size": 48, "n_epochs": 20, "_timestamp": 1720698866.174064, "_runtime": 5.622148036956787, "_step": 0, "_wandb": {"runtime": 5}}