{"mean_reward": 33.28547666, "learning_rate": 0.1, "n_steps": 2048, "batch_size": 64, "n_epochs": 20, "_timestamp": 1720626166.5685613, "_runtime": 5.650236368179321, "_step": 0, "_wandb": {"runtime": 5}}