{"mean_reward": 78.38590983999998, "learning_rate": 0.0001, "n_steps": 3072, "batch_size": 224, "n_epochs": 20, "_timestamp": 1720624962.9030995, "_runtime": 6.6527485847473145, "_step": 0, "_wandb": {"runtime": 6}}