{"mean_reward": 76.52334760000002, "learning_rate": 0.0001, "n_steps": 3072, "batch_size": 128, "n_epochs": 10, "_timestamp": 1720627767.233498, "_runtime": 5.3324761390686035, "_step": 0, "_wandb": {"runtime": 5}}