{"mean_reward": 88.41148030000001, "learning_rate": 0.001, "n_steps": 3072, "batch_size": 32, "n_epochs": 10, "_timestamp": 1720621402.0148375, "_runtime": 9.396902561187744, "_step": 0, "_wandb": {"runtime": 9}}