{"mean_reward": 191.93845312000002, "learning_rate": 0.01, "n_steps": 1024, "batch_size": 96, "n_epochs": 50, "_timestamp": 1720612381.1694407, "_runtime": 8.87215280532837, "_step": 0, "_wandb": {"runtime": 8}}