{"mean_reward": 158.63850128, "learning_rate": 0.001, "n_steps": 3072, "batch_size": 128, "n_epochs": 50, "_timestamp": 1720618206.448597, "_runtime": 7.983828067779541, "_step": 0, "_wandb": {"runtime": 7}}