{"mean_reward": 75.77849342, "learning_rate": 0.0001, "n_steps": 3072, "batch_size": 192, "n_epochs": 50, "_timestamp": 1720624510.331787, "_runtime": 5.733622074127197, "_step": 0, "_wandb": {"runtime": 5}}