{"mean_reward": 9.35032454, "learning_rate": 0.1, "n_steps": 3072, "batch_size": 160, "n_epochs": 20, "_timestamp": 1720635666.1161046, "_runtime": 4.497681617736816, "_step": 0, "_wandb": {"runtime": 4}}