{"mean_reward": 75.37211048, "learning_rate": 0.001, "n_steps": 3072, "batch_size": 192, "n_epochs": 20, "_timestamp": 1720614401.2518456, "_runtime": 8.22961950302124, "_step": 0, "_wandb": {"runtime": 7}}