{"mean_reward": 178.38444661999995, "learning_rate": 0.01, "n_steps": 2048, "batch_size": 128, "n_epochs": 20, "_timestamp": 1720635230.118305, "_runtime": 4.955705881118774, "_step": 0, "_wandb": {"runtime": 6}}