{"mean_reward": 1.6903105999999999, "learning_rate": 0.1, "n_steps": 3072, "batch_size": 32, "n_epochs": 10, "_timestamp": 1720633402.3669167, "_runtime": 5.254227638244629, "_step": 0, "_wandb": {"runtime": 4}}