{"mean_reward": 1.69570018, "learning_rate": 0.1, "n_steps": 3072, "batch_size": 224, "n_epochs": 50, "_timestamp": 1720614747.4037888, "_runtime": 7.731505870819092, "_step": 0, "_wandb": {"runtime": 7}}