{"mean_reward": 85.9806735, "learning_rate": 0.0001, "n_steps": 3072, "batch_size": 160, "n_epochs": 50, "_timestamp": 1720618992.8251026, "_runtime": 9.998961448669434, "_step": 0, "_wandb": {"runtime": 9}}