{"mean_reward": 178.0212421, "learning_rate": 0.01, "n_steps": 2048, "batch_size": 128, "n_epochs": 20, "_timestamp": 1720689054.3832269, "_runtime": 8.993581771850586, "_step": 0, "_wandb": {"runtime": 8}}