{"mean_reward": 3.08708148, "learning_rate": 0.1, "n_steps": 3072, "batch_size": 192, "n_epochs": 50, "_timestamp": 1720619133.169395, "_runtime": 6.741261005401611, "_step": 0, "_wandb": {"runtime": 6}}