{"mean_reward": 277.83545678, "learning_rate": 0.01, "n_steps": 3072, "batch_size": 192, "n_epochs": 50, "_timestamp": 1720619281.1984065, "_runtime": 9.487351417541504, "_step": 0, "_wandb": {"runtime": 9}}