{"mean_reward": 102.13869496, "learning_rate": 0.001, "n_steps": 2048, "batch_size": 96, "n_epochs": 20, "_timestamp": 1720688536.2069335, "_runtime": 7.987733602523804, "_step": 0, "_wandb": {"runtime": 7}}