{"mean_reward": 163.8653603, "learning_rate": 0.01, "n_steps": 1024, "batch_size": 64, "n_epochs": 10, "_timestamp": 1720611623.402505, "_runtime": 5.845072984695435, "_step": 0, "_wandb": {"runtime": 5}}