{"mean_reward": 112.75772506000001, "learning_rate": 0.01, "n_steps": 1024, "batch_size": 96, "n_epochs": 50, "_timestamp": 1720688392.3303142, "_runtime": 10.781522274017334, "_step": 0, "_wandb": {"runtime": 10}}