{"mean_reward": 308.45103796, "learning_rate": 0.01, "n_steps": 2048, "batch_size": 64, "n_epochs": 50, "_timestamp": 1720611741.5041509, "_runtime": 13.663100957870483, "_step": 0, "_wandb": {"runtime": 13}}