{"mean_reward": 0.24438874000000002, "learning_rate": 0.1, "n_steps": 1024, "batch_size": 192, "n_epochs": 50, "_timestamp": 1720614125.9101214, "_runtime": 5.420731544494629, "_step": 0, "_wandb": {"runtime": 5}}