{"mean_reward": 38.557795500000005, "learning_rate": 0.1, "n_steps": 1024, "batch_size": 160, "n_epochs": 20, "_timestamp": 1720613479.302828, "_runtime": 6.527940034866333, "_step": 0, "_wandb": {"runtime": 6}}