{"mean_reward": 73.65766864000001, "learning_rate": 0.001, "n_steps": 1024, "batch_size": 64, "n_epochs": 20, "_timestamp": 1720626450.7948837, "_runtime": 6.366015672683716, "_step": 0, "_wandb": {"runtime": 6}}