{"mean_reward": 91.36755104, "learning_rate": 0.01, "n_steps": 3072, "batch_size": 64, "n_epochs": 10, "_timestamp": 1720611650.9714332, "_runtime": 7.007404088973999, "_step": 0, "_wandb": {"runtime": 6}}