{"mean_reward": 79.53743562000001, "std_reward": 2.355677686449467, "width_factor": 0.6, "_timestamp": 1720695917.3561442, "_runtime": 35.17439317703247, "_step": 2, "_wandb": {"runtime": 34}}