{"mean_reward": 82.54871643999999, "learning_rate": 0.001, "n_steps": 2048, "batch_size": 192, "n_epochs": 50, "_timestamp": 1720619398.3859444, "_runtime": 8.466516256332397, "_step": 0, "_wandb": {"runtime": 6}}