{"mean_reward": 436.27515508, "std_reward": 1.7140059842075472, "width_factor": 0.6, "_timestamp": 1720697972.8902082, "_runtime": 24.966321229934692, "_step": 2, "_wandb": {"runtime": 24}}