{"mean_reward": 141.63479394, "learning_rate": 0.001, "n_steps": 3072, "batch_size": 192, "n_epochs": 20, "_timestamp": 1720628914.599537, "_runtime": 8.514755010604858, "_step": 0, "_wandb": {"runtime": 8}}