{"mean_reward": 1.70320196, "learning_rate": 0.1, "n_steps": 3072, "batch_size": 16, "n_epochs": 50, "_timestamp": 1720697677.0998604, "_runtime": 17.985641479492188, "_step": 0, "_wandb": {"runtime": 17}}