{"mean_reward": 74.64047640000001, "learning_rate": 0.001, "n_steps": 1024, "batch_size": 128, "n_epochs": 20, "_timestamp": 1720623153.5374618, "_runtime": 4.346920728683472, "_step": 0, "_wandb": {"runtime": 3}}