{"mean_reward": 74.96958836, "learning_rate": 0.001, "n_steps": 1024, "batch_size": 160, "n_epochs": 50, "_timestamp": 1720623797.3568695, "_runtime": 7.085914373397827, "_step": 0, "_wandb": {"runtime": 6}}