{"mean_reward": 74.45971662000001, "learning_rate": 0.001, "n_steps": 1024, "batch_size": 48, "n_epochs": 10, "_timestamp": 1720703163.244072, "_runtime": 4.477223873138428, "_step": 0, "_wandb": {"runtime": 4}}