{"mean_reward": 88.66656444, "learning_rate": 0.0001, "n_steps": 1024, "batch_size": 224, "n_epochs": 10, "_timestamp": 1720629578.3379004, "_runtime": 6.195199489593506, "_step": 0, "_wandb": {"runtime": 5}}