{"mean_reward": 3.0853214, "learning_rate": 0.1, "n_steps": 3072, "batch_size": 128, "n_epochs": 20, "_timestamp": 1720612888.2940996, "_runtime": 7.835880517959595, "_step": 0, "_wandb": {"runtime": 7}}