{"mean_reward": 78.87113010000002, "learning_rate": 0.0001, "n_steps": 3072, "batch_size": 192, "n_epochs": 10, "_timestamp": 1720614494.5331979, "_runtime": 7.517545938491821, "_step": 0, "_wandb": {"runtime": 7}}