{"mean_reward": 71.80343678, "learning_rate": 0.0001, "n_steps": 1024, "batch_size": 32, "n_epochs": 10, "_timestamp": 1720625900.4382155, "_runtime": 7.866713523864746, "_step": 0, "_wandb": {"runtime": 7}}