{"mean_reward": 87.6418434, "learning_rate": 0.001, "n_steps": 2048, "batch_size": 32, "n_epochs": 10, "_timestamp": 1720616289.9273689, "_runtime": 5.751226902008057, "_step": 0, "_wandb": {"runtime": 5}}