{"mean_reward": 93.88899576000001, "learning_rate": 0.0001, "n_steps": 2048, "batch_size": 128, "n_epochs": 10, "_timestamp": 1720618240.4090147, "_runtime": 4.973536729812622, "_step": 0, "_wandb": {"runtime": 4}}