{"mean_reward": 154.26418748, "learning_rate": 0.01, "n_steps": 3072, "batch_size": 32, "n_epochs": 50, "_timestamp": 1720616255.3791115, "_runtime": 12.94395661354065, "_step": 0, "_wandb": {"runtime": 12}}