{"mean_reward": 148.75614575999998, "learning_rate": 0.001, "n_steps": 3072, "batch_size": 48, "n_epochs": 50, "_timestamp": 1720699183.6287348, "_runtime": 10.24167776107788, "_step": 0, "_wandb": {"runtime": 9}}