{"mean_reward": 111.60626566, "learning_rate": 0.01, "n_steps": 2048, "batch_size": 192, "n_epochs": 20, "_timestamp": 1720624169.788897, "_runtime": 4.383691072463989, "_step": 0, "_wandb": {"runtime": 4}}