{"mean_reward": 129.2589819, "learning_rate": 0.001, "n_steps": 3072, "batch_size": 224, "n_epochs": 10, "_timestamp": 1720614946.7688413, "_runtime": 6.908169269561768, "_step": 0, "_wandb": {"runtime": 6}}