{"mean_reward": 79.57658336, "std_reward": 2.471995559925719, "width_factor": 0.6, "_timestamp": 1720700123.3614695, "_runtime": 12.162378549575806, "_step": 2, "_wandb": {"runtime": 11}}