{"mean_reward": 83.27393049999999, "learning_rate": 0.001, "n_steps": 2048, "batch_size": 192, "n_epochs": 20, "_timestamp": 1720614383.8721073, "_runtime": 6.274853229522705, "_step": 0, "_wandb": {"runtime": 6}}