{"mean_reward": 38.52762132, "learning_rate": 0.1, "n_steps": 2048, "batch_size": 64, "n_epochs": 50, "_timestamp": 1720626210.0240362, "_runtime": 6.344346284866333, "_step": 0, "_wandb": {"runtime": 6}}