{"mean_reward": 74.40331199999999, "learning_rate": 0.001, "n_steps": 1024, "batch_size": 32, "n_epochs": 10, "_timestamp": 1720620726.2791374, "_runtime": 6.802366256713867, "_step": 0, "_wandb": {"runtime": 6}}