{"mean_reward": 204.48566780000002, "learning_rate": 0.01, "n_steps": 3072, "batch_size": 224, "n_epochs": 20, "_timestamp": 1720629345.311177, "_runtime": 9.589041948318481, "_step": 0, "_wandb": {"runtime": 9}}