{"mean_reward": 114.88720802000002, "learning_rate": 0.001, "n_steps": 2048, "batch_size": 64, "n_epochs": 20, "_timestamp": 1720687836.7162635, "_runtime": 8.0617835521698, "_step": 0, "_wandb": {"runtime": 7}}