{"mean_reward": 88.83600818, "learning_rate": 0.001, "n_steps": 3072, "batch_size": 32, "n_epochs": 10, "_timestamp": 1720698536.1020756, "_runtime": 6.043572664260864, "_step": 0, "_wandb": {"runtime": 5}}