{"mean_reward": 77.79621758000002, "learning_rate": 0.0001, "n_steps": 2048, "batch_size": 224, "n_epochs": 20, "_timestamp": 1720629642.3277323, "_runtime": 6.167164325714111, "_step": 0, "_wandb": {"runtime": 5}}