{"mean_reward": 96.28658162000002, "learning_rate": 0.01, "n_steps": 2048, "batch_size": 48, "n_epochs": 50, "_timestamp": 1720699025.8230438, "_runtime": 7.177249908447266, "_step": 0, "_wandb": {"runtime": 6}}