{"mean_reward": 80.61525712000001, "learning_rate": 0.1, "n_steps": 3072, "batch_size": 32, "n_epochs": 20, "_timestamp": 1720610960.803993, "_runtime": 7.785201072692871, "_step": 0, "_wandb": {"runtime": 7}}