{"mean_reward": 87.81398612, "learning_rate": 0.01, "n_steps": 2048, "batch_size": 224, "n_epochs": 10, "_timestamp": 1720619718.7058437, "_runtime": 5.308621644973755, "_step": 0, "_wandb": {"runtime": 4}}