{"mean_reward": 151.08618908, "learning_rate": 0.001, "n_steps": 2048, "batch_size": 96, "n_epochs": 50, "_timestamp": 1720688596.756987, "_runtime": 11.536946058273315, "_step": 0, "_wandb": {"runtime": 11}}