{"mean_reward": 3.5981575599999998, "learning_rate": 0.01, "n_steps": 2048, "batch_size": 32, "n_epochs": 50, "_timestamp": 1720633640.6254795, "_runtime": 7.791239500045776, "_step": 0, "_wandb": {"runtime": 7}}