{"mean_reward": 79.76857198, "std_reward": 2.3585941135422974, "width_factor": 0.6, "_timestamp": 1720696601.35964, "_runtime": 14.301984786987305, "_step": 2, "_wandb": {"runtime": 13}}