{"mean_reward": 234.81444512, "learning_rate": 0.001, "n_steps": 2048, "batch_size": 128, "n_epochs": 50, "_timestamp": 1720613251.8808281, "_runtime": 9.471785068511963, "_step": 0, "_wandb": {"runtime": 9}}