{"mean_reward": 84.66758526, "learning_rate": 0.001, "n_steps": 3072, "batch_size": 128, "n_epochs": 10, "_timestamp": 1720689193.537293, "_runtime": 7.743139028549194, "_step": 0, "_wandb": {"runtime": 7}}