{"mean_reward": 71.76242452000001, "learning_rate": 0.01, "n_steps": 1024, "batch_size": 128, "n_epochs": 20, "_timestamp": 1720613008.453714, "_runtime": 7.522290945053101, "_step": 0, "_wandb": {"runtime": 7}}