{"mean_reward": 206.27465794, "learning_rate": 0.01, "n_steps": 2048, "batch_size": 32, "n_epochs": 20, "_timestamp": 1720702515.5411777, "_runtime": 8.56200385093689, "_step": 0, "_wandb": {"runtime": 8}}