{"mean_reward": 89.70878050000002, "learning_rate": 0.0001, "n_steps": 2048, "batch_size": 16, "n_epochs": 50, "_timestamp": 1720702244.873877, "_runtime": 15.076243162155151, "_step": 0, "_wandb": {"runtime": 14}}