{"mean_reward": 109.90352856, "std_reward": 1.5956048366941502, "width_factor": 0.3, "_timestamp": 1720705434.4026678, "_runtime": 18.613141775131226, "_step": 2, "_wandb": {"runtime": 18}}