{"mean_reward": 74.54453819999999, "learning_rate": 0.001, "n_steps": 1024, "batch_size": 224, "n_epochs": 20, "_timestamp": 1720614962.552409, "_runtime": 5.757980823516846, "_step": 0, "_wandb": {"runtime": 5}}