{"mean_reward": 77.34772766, "learning_rate": 0.01, "n_steps": 1024, "batch_size": 32, "n_epochs": 20, "_timestamp": 1720686936.6967838, "_runtime": 7.979754686355591, "_step": 0, "_wandb": {"runtime": 7}}