{"mean_reward": 124.96240374000001, "std_reward": 2.864238401736642, "width_factor": 0.6, "_timestamp": 1720690699.2906613, "_runtime": 26.443005323410034, "_step": 2, "_wandb": {"runtime": 28}}