{"mean_reward": 80.99005004, "learning_rate": 0.0001, "n_steps": 1024, "batch_size": 128, "n_epochs": 10, "_timestamp": 1720689326.2196012, "_runtime": 6.192563056945801, "_step": 0, "_wandb": {"runtime": 5}}