{"mean_reward": 38.82713845999999, "learning_rate": 0.1, "n_steps": 2048, "batch_size": 48, "n_epochs": 10, "_timestamp": 1720702910.387916, "_runtime": 4.16965913772583, "_step": 0, "_wandb": {"runtime": 3}}