{"mean_reward": 216.54745613999995, "learning_rate": 0.1, "n_steps": 1024, "batch_size": 32, "n_epochs": 10, "_timestamp": 1720702298.4404426, "_runtime": 6.6505866050720215, "_step": 0, "_wandb": {"runtime": 6}}