{"mean_reward": 5.07572266, "learning_rate": 0.1, "n_steps": 3072, "batch_size": 96, "n_epochs": 10, "_timestamp": 1720688147.4985995, "_runtime": 8.496931552886963, "_step": 0, "_wandb": {"runtime": 8}}