{"mean_reward": 190.51570500000003, "learning_rate": 0.001, "n_steps": 3072, "batch_size": 128, "n_epochs": 50, "_timestamp": 1720689309.4195352, "_runtime": 11.142983198165894, "_step": 0, "_wandb": {"runtime": 10}}