{"mean_reward": 97.85149787999998, "learning_rate": 0.001, "n_steps": 3072, "batch_size": 96, "n_epochs": 20, "_timestamp": 1720622685.229236, "_runtime": 5.684448957443237, "_step": 0, "_wandb": {"runtime": 5}}