{"mean_reward": 72.5353421, "learning_rate": 0.0001, "n_steps": 1024, "batch_size": 32, "n_epochs": 20, "_timestamp": 1720621618.3418663, "_runtime": 9.038715362548828, "_step": 0, "_wandb": {"runtime": 8}}