{"mean_reward": 3.60591806, "learning_rate": 0.1, "n_steps": 3072, "batch_size": 192, "n_epochs": 20, "_timestamp": 1720628599.3925445, "_runtime": 6.728127479553223, "_step": 0, "_wandb": {"runtime": 6}}