{"mean_reward": 284.72490561999996, "std_reward": 1.6904648140988676, "width_factor": 0.6, "_timestamp": 1720690225.4999495, "_runtime": 21.9745454788208, "_step": 2, "_wandb": {"runtime": 21}}