{"mean_reward": 66.47414536000001, "learning_rate": 0.001, "n_steps": 1024, "batch_size": 32, "n_epochs": 20, "_timestamp": 1720616315.851065, "_runtime": 5.728327035903931, "_step": 0, "_wandb": {"runtime": 5}}