{"mean_reward": 85.82322476000002, "learning_rate": 0.01, "n_steps": 1024, "batch_size": 224, "n_epochs": 20, "_timestamp": 1720636837.417356, "_runtime": 4.268028020858765, "_step": 0, "_wandb": {"runtime": 3}}