{"mean_reward": 5.3013574199999995, "learning_rate": 0.1, "n_steps": 1024, "batch_size": 64, "n_epochs": 10, "_timestamp": 1720626087.4933574, "_runtime": 5.478166341781616, "_step": 0, "_wandb": {"runtime": 5}}