{"mean_reward": 73.53480114, "learning_rate": 0.001, "n_steps": 1024, "batch_size": 224, "n_epochs": 10, "_timestamp": 1720619842.5075343, "_runtime": 4.539275169372559, "_step": 0, "_wandb": {"runtime": 4}}