{"mean_reward": 38.33811042, "learning_rate": 0.1, "n_steps": 3072, "batch_size": 160, "n_epochs": 20, "_timestamp": 1720618433.74196, "_runtime": 7.094512939453125, "_step": 0, "_wandb": {"runtime": 6}}