{"mean_reward": 101.25586059999999, "learning_rate": 0.001, "n_steps": 1024, "batch_size": 64, "n_epochs": 50, "_timestamp": 1720611905.242166, "_runtime": 9.7329261302948, "_step": 0, "_wandb": {"runtime": 9}}