{"mean_reward": 69.49691580000001, "learning_rate": 0.1, "n_steps": 2048, "batch_size": 96, "n_epochs": 20, "_timestamp": 1720622399.5968668, "_runtime": 4.2730207443237305, "_step": 0, "_wandb": {"runtime": 3}}