{"mean_reward": 40.9028559, "learning_rate": 0.1, "n_steps": 3072, "batch_size": 128, "n_epochs": 20, "_timestamp": 1720617831.2534707, "_runtime": 8.906985759735107, "_step": 0, "_wandb": {"runtime": 8}}