{"mean_reward": 157.52358756, "learning_rate": 0.001, "n_steps": 3072, "batch_size": 160, "n_epochs": 50, "_timestamp": 1720618816.7595732, "_runtime": 13.977314233779907, "_step": 0, "_wandb": {"runtime": 13}}