{"mean_reward": 10.425076259999999, "learning_rate": 0.1, "n_steps": 3072, "batch_size": 160, "n_epochs": 50, "_timestamp": 1720689595.54036, "_runtime": 8.467522859573364, "_step": 0, "_wandb": {"runtime": 8}}