{"mean_reward": 128.29916882, "learning_rate": 0.001, "n_steps": 2048, "batch_size": 32, "n_epochs": 10, "_timestamp": 1720698523.629384, "_runtime": 5.120959997177124, "_step": 0, "_wandb": {"runtime": 4}}