{"mean_reward": 75.77849342, "learning_rate": 0.0001, "n_steps": 3072, "batch_size": 192, "n_epochs": 50, "_timestamp": 1720629101.6562865, "_runtime": 7.0710554122924805, "_step": 0, "_wandb": {"runtime": 6}}