{"mean_reward": 124.40318436, "std_reward": 3.7217402831248223, "width_factor": 0.6, "_timestamp": 1720690781.021429, "_runtime": 18.485958099365234, "_step": 2, "_wandb": {"runtime": 18}}