{"mean_reward": 78.55603464, "learning_rate": 0.0001, "n_steps": 2048, "batch_size": 128, "n_epochs": 20, "_timestamp": 1720635519.7393155, "_runtime": 4.236666440963745, "_step": 0, "_wandb": {"runtime": 3}}