{"mean_reward": 62.500368359999996, "learning_rate": 0.01, "n_steps": 3072, "batch_size": 32, "n_epochs": 50, "_timestamp": 1720621353.1994724, "_runtime": 18.760350465774536, "_step": 0, "_wandb": {"runtime": 18}}