{"mean_reward": 80.3695665, "learning_rate": 0.001, "n_steps": 1024, "batch_size": 32, "n_epochs": 20, "_timestamp": 1720698550.5462143, "_runtime": 5.970423460006714, "_step": 0, "_wandb": {"runtime": 5}}