{"mean_reward": 79.61580722000001, "learning_rate": 0.001, "n_steps": 3072, "batch_size": 128, "n_epochs": 10, "_timestamp": 1720627628.9395678, "_runtime": 7.446276903152466, "_step": 0, "_wandb": {"runtime": 7}}