{"mean_reward": 79.54446302000001, "learning_rate": 0.001, "n_steps": 1024, "batch_size": 128, "n_epochs": 10, "_timestamp": 1720613128.26638, "_runtime": 6.577205181121826, "_step": 0, "_wandb": {"runtime": 6}}