{"mean_reward": 116.53345494, "learning_rate": 0.001, "n_steps": 2048, "batch_size": 48, "n_epochs": 20, "_timestamp": 1720699122.0933652, "_runtime": 5.6956140995025635, "_step": 0, "_wandb": {"runtime": 5}}