{"mean_reward": 120.4468991, "learning_rate": 0.001, "n_steps": 3072, "batch_size": 224, "n_epochs": 20, "_timestamp": 1720624845.1548624, "_runtime": 5.1913743019104, "_step": 0, "_wandb": {"runtime": 4}}