{"mean_reward": 126.27437087999999, "std_reward": 11.448599853278589, "width_factor": 0.6, "_timestamp": 1720691068.881379, "_runtime": 16.695889949798584, "_step": 2, "_wandb": {"runtime": 16}}