{"mean_reward": 104.71921275999999, "learning_rate": 0.01, "n_steps": 1024, "batch_size": 192, "n_epochs": 50, "_timestamp": 1720624198.3254902, "_runtime": 5.421163320541382, "_step": 0, "_wandb": {"runtime": 5}}