{"mean_reward": 3.7012517999999996, "learning_rate": 0.1, "n_steps": 3072, "batch_size": 160, "n_epochs": 50, "_timestamp": 1720623552.1799133, "_runtime": 8.282010316848755, "_step": 0, "_wandb": {"runtime": 7}}