{"mean_reward": 95.73855569999999, "learning_rate": 0.001, "n_steps": 2048, "batch_size": 64, "n_epochs": 10, "_timestamp": 1720687788.7492757, "_runtime": 6.926043748855591, "_step": 0, "_wandb": {"runtime": 6}}