{"mean_reward": 3.59592288, "learning_rate": 0.1, "n_steps": 3072, "batch_size": 96, "n_epochs": 50, "_timestamp": 1720622459.1717877, "_runtime": 6.202943801879883, "_step": 0, "_wandb": {"runtime": 5}}