{"mean_reward": 25.2126995, "learning_rate": 0.01, "n_steps": 3072, "batch_size": 48, "n_epochs": 50, "_timestamp": 1720703152.2342525, "_runtime": 8.918248414993286, "_step": 0, "_wandb": {"runtime": 8}}