{"mean_reward": 19.14750172, "learning_rate": 0.1, "n_steps": 3072, "batch_size": 64, "n_epochs": 50, "_timestamp": 1720634071.748071, "_runtime": 7.6827709674835205, "_step": 0, "_wandb": {"runtime": 7}}