{"mean_reward": 3.5961929600000007, "learning_rate": 0.1, "n_steps": 2048, "batch_size": 96, "n_epochs": 10, "_timestamp": 1720688129.0279372, "_runtime": 5.667294263839722, "_step": 0, "_wandb": {"runtime": 5}}