{"mean_reward": 123.78200702, "learning_rate": 0.01, "n_steps": 3072, "batch_size": 192, "n_epochs": 50, "_timestamp": 1720628811.5898209, "_runtime": 10.11978793144226, "_step": 0, "_wandb": {"runtime": 9}}