{"mean_reward": 1.6910178200000001, "learning_rate": 0.1, "n_steps": 3072, "batch_size": 64, "n_epochs": 10, "_timestamp": 1720616599.7834027, "_runtime": 5.504857778549194, "_step": 0, "_wandb": {"runtime": 5}}