{"mean_reward": 1.70959632, "learning_rate": 0.1, "n_steps": 3072, "batch_size": 128, "n_epochs": 10, "_timestamp": 1720688849.1932037, "_runtime": 7.271683692932129, "_step": 0, "_wandb": {"runtime": 6}}