{"mean_reward": 88.20556744, "learning_rate": 0.0001, "n_steps": 1024, "batch_size": 192, "n_epochs": 10, "_timestamp": 1720624387.221263, "_runtime": 4.247282028198242, "_step": 0, "_wandb": {"runtime": 3}}