{"mean_reward": 127.4503284, "learning_rate": 0.001, "n_steps": 2048, "batch_size": 32, "n_epochs": 10, "_timestamp": 1720625735.5492449, "_runtime": 7.975096940994263, "_step": 0, "_wandb": {"runtime": 7}}